siteID,watershed,month,date,d18OWater,d2HWater,yday,dexcess,lcexcess,TWI,ContributingArea_ha,Elevation_m,Slope_prc,long,lat,s1,s2,s1_rhat,s2_rhat,s1_n.eff,s2_n.eff,prior
01M01,N01B,Jun,2021-06-07,-5.93,-37.17,158,10.27,-0.42,16.6185398101807,28.3099,373.909790039062,1.96598646176319,-96.577021,39.086665000000004,59.1576525846131,40.8423474153869,1.00300350820314,1.01078848971499,910,290,"c(0.5, 0.5)"
01M01,N01B,Aug,2021-08-09,0.18,2.38,221,0.77,-9.5,16.6185398101807,28.3099,373.909790039062,1.96598646176319,-96.577021,39.086665000000004,61.97849229569,38.02150770431,1.02513048611772,1.0117649309213,160,180,"c(0.5, 0.5)"
01M02,N01B,Jun,2021-06-07,-5.94,-37.21,158,10.31,-0.38,15.3593635559082,27.8823,375.425323486328,6.79131327740862,-96.576332,39.086288,59.472309832166,40.527690167834,1.00790254719856,1.00611449977758,750,4500,"c(0.5, 0.5)"
01M02,N01B,Jul,2021-07-13,-6.13,-38.39,194,10.65,-0.05,15.3593635559082,27.8823,375.425323486328,6.79131327740862,-96.576332,39.086288,52.977159747453904,47.022840252546096,1.00103121331292,1.01053684669483,7500,810,"c(0.5, 0.5)"
01M03,N01B,Jun,2021-06-07,-5.75,-36.41,158,9.59,-1.08,15.6769094467163,25.997,378.814392089844,4.62101462346599,-96.575936,39.084711,53.8978361767683,46.1021638232317,1.0138363333756,1.00762353353925,280,580,"c(0.5, 0.5)"
01M04,N01B,Jun,2021-06-07,-5.79,-36.59,158,9.73,-0.95,15.9005174636841,24.7026,381.780731201172,3.51433664873022,-96.5751011,39.08357235,59.2707599978044,40.7292400021956,1.00467777834293,1.00414985121846,690,600,"c(0.5, 0.5)"
01M05,N01B,Jun,2021-06-07,-5.81,-36.79,158,9.69,-0.99,15.9600172042847,19.8808,384.710754394531,2.66639959902081,-96.574188,39.082643,58.3037271542601,41.6962728457399,1.00239110227567,1.00113258687933,6300,6000,"c(0.5, 0.5)"
01M05,N01B,Jul,2021-07-13,-5.59,-35.86,194,8.86,-1.8,15.9600172042847,19.8808,384.710754394531,2.66639959902081,-96.574188,39.082643,52.1375500666147,47.8624499333853,1.00802351082393,1.00537115186102,440,550,"c(0.5, 0.5)"
01M05,N01B,Aug,2021-08-09,-5.19,-32.64,221,8.88,-1.76,15.9600172042847,19.8808,384.710754394531,2.66639959902081,-96.574188,39.082643,48.5481212822208,51.4518787177792,1.01359865966854,1.01665705737853,220,190,"c(0.5, 0.5)"
01M06,N01B,Jun,2021-06-07,-5.77,-36.4,158,9.76,-0.92,15.7502880096436,10.5589,394.224090576172,1.74732466454152,-96.571582,39.080649,56.9201320663507,43.0798679336493,1.02279352461772,1.01903275805192,160,140,"c(0.5, 0.5)"
02M01,N02B,Jun,2021-06-07,-5.78,-36.42,158,9.82,-0.86,17.5062637329102,24.1532,353.349395751953,0.690609994150927,-96.58815,39.09187,57.6635502192972,42.3364497807028,1.00097885460957,1.00133434821887,7500,3700,"c(0.5, 0.5)"
02M02,N02B,Jun,2021-06-07,-5.8,-36.55,158,9.85,-0.83,16.7412509918213,23.732,356.274871826172,1.45800846603901,-96.58832556,39.09084425,59.8858011990935,40.1141988009065,1.03298639925857,1.00426656871821,180,580,"c(0.5, 0.5)"
02M03,N02B,Jun,2021-06-07,-5.83,-36.58,158,10.06,-0.62,15.9315042495728,20.3529,358.495635986328,2.80844838739997,-96.58859,39.08991,58.3584497553688,41.6415502446312,1.00752907280237,1.00923580866707,390,290,"c(0.5, 0.5)"
02M04,N02B,Jun,2021-06-07,-5.9,-37.08,158,10.12,-0.56,16.0222511291504,18.9885,364.215728759766,2.39339935503844,-96.589642,39.088242,57.9087266288103,42.0912733711897,1.00209445078246,1.00102058845171,3000,7500,"c(0.5, 0.5)"
02M05,N02B,Jun,2021-06-07,-5.89,-37.18,158,9.94,-0.74,16.3388805389404,17.783,367.758941650391,1.63363214959596,-96.59082413,39.08698067,56.5612711156118,43.4387288843882,1.01559007899662,1.01409961599305,220,230,"c(0.5, 0.5)"
02M05,N02B,Jul,2021-07-13,-5.78,-36.94,194,8.82,-1.85,16.3388805389404,17.783,367.758941650391,1.63363214959596,-96.59082413,39.08698067,49.5092842419307,50.4907157580693,1.03066162899754,1.01606008774119,98,200,"c(0.5, 0.5)"
02M05,N02B,Aug,2021-08-09,-5.84,-36.71,221,10.01,-0.67,16.3388805389404,17.783,367.758941650391,1.63363214959596,-96.59082413,39.08698067,43.5210062909078,56.4789937090922,1.00384248638432,1.01148909413352,780,280,"c(0.5, 0.5)"
02M06,N02B,Jun,2021-06-07,-5.9,-36.87,158,10.33,-0.35,15.435941696167,15.6919,369.406402587891,3.552439129378,-96.591427,39.087237,59.615176067862,40.384823932138,1.01992872661411,1.01650764142316,210,190,"c(0.5, 0.5)"
02M06,N02B,Aug,2021-08-09,-1.47,-12.17,221,-0.32,-10.7,15.435941696167,15.6919,369.406402587891,3.552439129378,-96.591427,39.087237,49.1716310898943,50.8283689101057,1.0048126903687,1.02283962818606,2800,250,"c(0.5, 0.5)"
02M07,N02B,Jun,2021-06-07,-5.9,-36.99,158,10.21,-0.47,15.2601690292358,14.1328,373.296539306641,3.81356831268082,-96.59252,39.08648,57.7553875859999,42.2446124140001,1.01539122525734,1.00685221027437,310,2500,"c(0.5, 0.5)"
02M07,N02B,Jul,2021-07-13,-5.93,-37.57,194,9.87,-0.82,15.2601690292358,14.1328,373.296539306641,3.81356831268082,-96.59252,39.08648,54.1204508142402,45.8795491857598,1.01536781363964,1.00748314994156,170,300,"c(0.5, 0.5)"
02M07,N02B,Aug,2021-08-09,-2.17,-17.99,221,1.22,-9.23,15.2601690292358,14.1328,373.296539306641,3.81356831268082,-96.59252,39.08648,39.5898677481936,60.4101322518063,1.01941784244189,1.04460697414123,140,72,"c(0.5, 0.5)"
02M08,N02B,Jun,2021-06-07,-5.93,-37.18,158,10.26,-0.43,15.9329080581665,12.9671,376.867004394531,1.78764145530976,-96.592913,39.085573,61.3535530332975,38.6464469667025,1.05977025256935,1.01341101671943,85,160,"c(0.5, 0.5)"
02M10,N02B,Jun,2021-06-07,-5.92,-37.08,158,10.28,-0.41,14.1281938552856,6.1497,387.223388671875,5.14093522350631,-96.59357,39.08251,56.2385270641009,43.7614729358991,1.00264459937552,1.00483420641262,5000,970,"c(0.5, 0.5)"
02M10,N02B,Jul,2021-07-13,-5.57,-35.54,194,9.02,-1.64,14.1281938552856,6.1497,387.223388671875,5.14093522350631,-96.59357,39.08251,52.4242903873235,47.5757096126765,1.00413924000449,1.00560616905032,600,420,"c(0.5, 0.5)"
02M11,N02B,Jun,2021-06-07,-5.92,-37.14,158,10.22,-0.47,14.5844211578369,2.6741,401.544860839844,1.42006358225935,-96.593682,39.079249,58.5717685496273,41.4282314503726,1.03794032084098,1.04464275102994,72,55,"c(0.5, 0.5)"
02M11,N02B,Jul,2021-07-13,-5.58,-35.42,194,9.22,-1.44,14.5844211578369,2.6741,401.544860839844,1.42006358225935,-96.593682,39.079249,55.640828279503,44.359171720497,1.04212896090693,1.01680185725385,79,150,"c(0.5, 0.5)"
04M01,N04D,Jun,2021-06-07,-5.92,-37.15,158,10.21,-0.48,16.1275215148926,39.7602,355.157409667969,4.50414143049234,-96.586195,39.089842,61.2256743760218,38.7743256239782,1.00232740080064,1.00225479945107,1900,1400,"c(0.5, 0.5)"
04M01,N04D,Jul,2021-07-13,-5.82,-36.99,194,9.57,-1.11,16.1275215148926,39.7602,355.157409667969,4.50414143049234,-96.586195,39.089842,55.9785216297024,44.0214783702976,1.00421593673036,1.00545737999339,1100,430,"c(0.5, 0.5)"
04M01,N04D,Aug,2021-08-09,-4.64,-29.25,221,7.87,-2.73,16.1275215148926,39.7602,355.157409667969,4.50414143049234,-96.586195,39.089842,51.6702122241517,48.3297877758483,1.00831898752202,1.01419047569639,400,230,"c(0.5, 0.5)"
04M02,N04D,Jun,2021-06-07,-5.96,-38,158,9.2,-1.49,15.9580707550049,30.2096,362.072326660156,4.05573107937911,-96.58481,39.08775,54.4468177414284,45.5531822585716,1.00176527461193,1.00185010577228,2100,1900,"c(0.5, 0.5)"
04M02,N04D,Jul,2021-07-13,-5.7,-36.3,194,9.3,-1.37,15.9580707550049,30.2096,362.072326660156,4.05573107937911,-96.58481,39.08775,57.0863001069969,42.913699893003,1.03728644649946,1.00871458738653,120,260,"c(0.5, 0.5)"
04M02,N04D,Aug,2021-08-09,-5.1,-32.4,221,8.4,-2.23,15.9580707550049,30.2096,362.072326660156,4.05573107937911,-96.58481,39.08775,47.3405569952907,52.6594430047093,1.01100741579547,1.00999322946384,340,300,"c(0.5, 0.5)"
04M03,N04D,Jun,2021-06-07,-5.93,-37.27,158,10.17,-0.52,17.7147426605225,29.302,364.991577148438,0.680164764607852,-96.58366,39.08685,59.1877236793884,40.8122763206116,1.00081063333153,1.00503039373362,7500,1600,"c(0.5, 0.5)"
04M03,N04D,Jul,2021-07-13,-5.49,-35.46,194,8.46,-2.2,17.7147426605225,29.302,364.991577148438,0.680164764607852,-96.58366,39.08685,52.3847677159985,47.6152322840015,1.01388224540116,1.02306656129684,160,110,"c(0.5, 0.5)"
04M03,N04D,Aug,2021-08-09,-4.88,-30.98,221,8.06,-2.55,17.7147426605225,29.302,364.991577148438,0.680164764607852,-96.58366,39.08685,45.2442270816795,54.7557729183205,1.04683619648216,1.08906506281289,51,31,"c(0.5, 0.5)"
04M04,N04D,Jun,2021-06-07,-5.91,-37.19,158,10.09,-0.6,15.8990774154663,28.413,367.72216796875,4.04636632071282,-96.58345,39.08576,57.5139798736997,42.4860201263003,1.01099092733998,1.00564912435036,340,510,"c(0.5, 0.5)"
04M04,N04D,Jul,2021-07-13,-5.79,-36.67,194,9.65,-1.03,15.8990774154663,28.413,367.72216796875,4.04636632071282,-96.58345,39.08576,54.8252082062031,45.1747917937969,1.00423785645747,1.00206556438678,720,1600,"c(0.5, 0.5)"
04M04,N04D,Aug,2021-08-09,-5.56,-35.13,221,9.35,-1.31,15.8990774154663,28.413,367.72216796875,4.04636632071282,-96.58345,39.08576,43.8758766647717,56.1241233352283,1.01437470196675,1.00705007693174,230,320,"c(0.5, 0.5)"
04M05,N04D,Jun,2021-06-07,-5.9,-37.45,158,9.5,-1.18,16.1744060516357,23.8689,370.058471679688,2.58365799856904,-96.5831,39.08502,56.8465566006339,43.1534433993661,1.02281594365524,1.00821477730558,450,1200,"c(0.5, 0.5)"
04M05,N04D,Jul,2021-07-13,-6,-38.4,194,9.6,-1.09,16.1744060516357,23.8689,370.058471679688,2.58365799856904,-96.5831,39.08502,54.8386524271764,45.1613475728236,1.00500379378653,1.00260082820966,1700,7500,"c(0.5, 0.5)"
04M05,N04D,Aug,2021-08-09,-5.8,-36.4,221,10,-0.68,16.1744060516357,23.8689,370.058471679688,2.58365799856904,-96.5831,39.08502,44.2494082455059,55.7505917544941,1.00824083639647,1.00818885502345,1000,760,"c(0.5, 0.5)"
04M06,N04D,Jun,2021-06-07,-5.94,-37.33,158,10.19,-0.5,15.6375856399536,23.3323,372.054779052734,4.31490041279515,-96.58342,39.084258,59.3919530177229,40.6080469822771,1.00405651833084,1.00747006436061,620,460,"c(0.5, 0.5)"
04M06,N04D,Jul,2021-07-13,-5.93,-37.38,194,10.06,-0.63,15.6375856399536,23.3323,372.054779052734,4.31490041279515,-96.58342,39.084258,54.870810459071,45.129189540929,1.00813636837804,1.00592294145448,370,390,"c(0.5, 0.5)"
04M06,N04D,Aug,2021-08-09,-5.74,-36.23,221,9.69,-0.98,15.6375856399536,23.3323,372.054779052734,4.31490041279515,-96.58342,39.084258,42.4095514853742,57.5904485146258,1.00627819665514,1.02776081040341,620,150,"c(0.5, 0.5)"
04M07,N04D,Jun,2021-06-07,-5.96,-37.27,158,10.41,-0.28,17.3331470489502,15.1506,376.434906005859,0.515087172551842,-96.58253,39.08278,61.1031180628762,38.8968819371238,1.01515019181926,1.02370137433333,220,120,"c(0.5, 0.5)"
04M08,N04D,Jun,2021-06-07,-5.96,-37.24,158,10.44,-0.25,15.4511318206787,13.8929,380.307403564453,3.09870598857612,-96.58221,39.08131,60.6399428103247,39.3600571896753,1.00574129983079,1.0027568146825,960,1000,"c(0.5, 0.5)"
04M08,N04D,Jul,2021-07-13,-5.92,-37.5,194,9.86,-0.83,15.4511318206787,13.8929,380.307403564453,3.09870598857612,-96.58221,39.08131,52.381491710462,47.618508289538,1.01255969908463,1.00196187718574,300,1700,"c(0.5, 0.5)"
04M08,N04D,Aug,2021-08-09,-5.92,-37.24,221,10.12,-0.57,15.4511318206787,13.8929,380.307403564453,3.09870598857612,-96.58221,39.08131,43.7257071382168,56.2742928617832,1.0227671119555,1.01076253106375,170,200,"c(0.5, 0.5)"
04M09,N04D,Jun,2021-06-07,-6,-37.48,158,10.5,-0.19,15.0155191421509,8.4654,384.876220703125,2.9192216286791,-96.581629,39.079941,59.3562397632434,40.6437602367566,1.01063541004755,1.00396358032072,420,1800,"c(0.5, 0.5)"
04M10,N04D,Jun,2021-06-07,-5.98,-37.31,158,10.53,-0.16,14.8743505477905,6.5928,393.935333251953,2.61861519948865,-96.58289,39.077433,59.6194139996934,40.3805860003066,1.00339323419086,1.00200680014361,1400,1700,"c(0.5, 0.5)"
04M11,N04D,Jun,2021-06-07,-5.96,-37.22,158,10.46,-0.23,13.7661218643188,2.8759,404.717041015625,3.45818055341955,-96.583835,39.074718,60.2179989105531,39.7820010894469,1.01133175808127,1.01023773118775,250,230,"c(0.5, 0.5)"
04M12,N04D,Jun,2021-06-07,-5.9,-37.2,158,10,-0.68,14.388445854187,2.2526,407.246307373047,1.45519363037948,-96.584063,39.073158,56.45995663785,43.54004336215,1.00664959081686,1.01499426459984,490,1900,"c(0.5, 0.5)"
04T02,N04D,Jun,2021-06-07,-5.94,-37.18,158,10.34,-0.35,14.3093347549438,3.6998,386.719055175781,2.58565615268831,-96.580865,39.079765,58.9474850012246,41.0525149987754,1.01027330560585,1.00853072460908,270,330,"c(0.5, 0.5)"
04W02,N04D,Jun,2021-06-07,-5.81,-36.49,158,9.99,-0.69,14.1996641159058,6.1059,370.888000488281,4.75410042094446,-96.58691,39.08611,58.9755019759855,41.0244980240145,1.00980164014519,1.03370074768427,220,82,"c(0.5, 0.5)"
04W03,N04D,Jun,2021-06-07,-5.9,-36.89,158,10.31,-0.37,13.665397644043,4.2006,382.255523681641,5.57549280423922,-96.58803867,39.08385954,62.6061829188818,37.3938170811182,1.01911549170018,1.00741659167904,230,320,"c(0.5, 0.5)"
04W03,N04D,Jul,2021-07-13,-5.84,-37.02,194,9.7,-0.98,13.665397644043,4.2006,382.255523681641,5.57549280423922,-96.58803867,39.08385954,54.6134540889809,45.3865459110191,1.03601080653874,1.0461955272828,79,65,"c(0.5, 0.5)"
04W03,N04D,Aug,2021-08-09,-4.76,-30,221,8.08,-2.53,13.665397644043,4.2006,382.255523681641,5.57549280423922,-96.58803867,39.08385954,52.4929004353534,47.5070995646466,1.00952108980988,1.0035771023831,730,1100,"c(0.5, 0.5)"
04W04,N04D,Jun,2021-06-07,-5.85,-36.79,158,10.01,-0.67,13.686861038208,2.9816,390.920166015625,3.87979879049352,-96.58868,39.08228,56.3018306251482,43.6981693748518,1.00230748274348,1.01433390118782,1300,300,"c(0.5, 0.5)"
04W04,N04D,Jul,2021-07-13,-5.96,-37.82,194,9.86,-0.83,13.686861038208,2.9816,390.920166015625,3.87979879049352,-96.58868,39.08228,55.024393726487,44.975606273513,1.01414849924438,1.01553756127297,230,160,"c(0.5, 0.5)"
04W04,N04D,Aug,2021-08-09,-5.84,-36.79,221,9.93,-0.75,13.686861038208,2.9816,390.920166015625,3.87979879049352,-96.58868,39.08228,43.5584447446189,56.4415552553811,1.00270694801796,1.00768442289697,3300,490,"c(0.5, 0.5)"
20M04,N20B,Jun,2021-06-07,-5.98,-36.99,158,10.85,0.16,15.419207572937,8.6075,389.796203613281,1.98325844763327,-96.57111,39.08709,62.0133629977568,37.9866370022432,1.02878937388089,1.01926443953824,150,160,"c(0.5, 0.5)"
20M05,N20B,Jun,2021-06-07,-6.01,-37.31,158,10.77,0.08,13.7070283889771,5.444,401.0048828125,6.91935096376316,-96.568,39.086,61.6526125159166,38.3473874840834,1.00513072676591,1.00548517329643,540,610,"c(0.5, 0.5)"
20M05,N20B,Jul,2021-07-13,-5.1,-32.41,194,8.39,-2.24,13.7070283889771,5.444,401.0048828125,6.91935096376316,-96.568,39.086,58.9968925229607,41.0031074770393,1.00800439364802,1.00125468660712,600,4400,"c(0.5, 0.5)"
SFM01,SFKC,Jun,2021-06-07,-5.94,-37.93,158,8.9,-1.79,18.4498310089111,132.6873,350.811157226562,1.47647448239279,-96.587193,39.092281,57.2606822039389,42.7393177960611,1.02922413794248,1.0371137441353,93,72,"c(0.5, 0.5)"
SFM01,SFKC,Jul,2021-07-13,-5.8,-36.39,194,9.8,-0.88,18.4498310089111,132.6873,350.811157226562,1.47647448239279,-96.587193,39.092281,56.4911104662056,43.5088895337944,1.00740000438017,1.00354427285849,450,1900,"c(0.5, 0.5)"
SFM02,SFKC,Jun,2021-06-07,-5.91,-36.91,158,10.37,-0.32,17.5833492279053,107.6787,352.750610351562,2.84821417052932,-96.58632,39.09126,58.4287440116445,41.5712559883555,1.01159597788037,1.01036019259135,200,210,"c(0.5, 0.5)"
SFM03,SFKC,Jun,2021-06-07,-5.89,-36.82,158,10.3,-0.38,16.6171092987061,67.3302,353.385375976562,4.67389311910185,-96.58605,39.09095,62.016201612405,37.983798387595,1.02144727828094,1.00179923679128,310,2000,"c(0.5, 0.5)"
SFM04,SFKC,Jun,2021-06-07,-5.88,-36.9,158,10.14,-0.54,18.6879825592041,60.9054,356.138275146484,0.534205380242959,-96.5844,39.09089,57.4820721803325,42.5179278196675,1.00277249276226,1.0140002258449,1100,320,"c(0.5, 0.5)"
SFM05,SFKC,Jun,2021-06-07,-5.87,-36.77,158,10.19,-0.49,16.9318199157715,58.6702,361.067810058594,2.97703061412269,-96.58186,39.09019,59.6735425001052,40.3264574998948,1.01978472672064,1.00801366195113,200,280,"c(0.5, 0.5)"
SFM05,SFKC,Jul,2021-07-13,-5.68,-36.74,194,8.7,-1.97,16.9318199157715,58.6702,361.067810058594,2.97703061412269,-96.58186,39.09019,52.60266900702,47.39733099298,1.00548375246753,1.00226851510753,1900,1500,"c(0.5, 0.5)"
SFM06,SFKC,Jun,2021-06-07,-5.88,-36.8,158,10.24,-0.44,16.90305519104,51.0121,365.224548339844,2.66445720234079,-96.57941,39.0895,60.4824087600741,39.5175912399259,1.00383377633485,1.00754544044223,1300,450,"c(0.5, 0.5)"
SFM07,SFKC,Jun,2021-06-07,-5.93,-37,158,10.44,-0.25,17.5471897125244,49.9061,367.348571777344,1.36954357414589,-96.578458,39.088683,57.2673613135815,42.7326386864185,1.00150676863433,1.00096204272254,3400,7500,"c(0.5, 0.5)"
SFT01,SFKC,Jun,2021-06-06,-5.76,-36.56,157,9.52,-1.16,13.7874336242676,4.5053,356.83984375,5.29457699076767,-96.58517,39.09185,57.7513798411286,42.2486201588714,1.00393866489335,1.00331158525897,640,800,"c(0.5, 0.5)"
SFT01,SFKC,Jul,2021-07-13,-5.79,-37.29,194,9.03,-1.65,13.7874336242676,4.5053,356.83984375,5.29457699076767,-96.58517,39.09185,49.7378982460809,50.2621017539191,1.02792195636546,1.01992506445984,110,130,"c(0.5, 0.5)"
SFT01,SFKC,Aug,2021-08-09,-5.67,-36.25,221,9.11,-1.56,13.7874336242676,4.5053,356.83984375,5.29457699076767,-96.58517,39.09185,39.121637643537,60.878362356463,1.00154410129131,1.00479641528547,6600,1500,"c(0.5, 0.5)"
SFT02,SFKC,Jun,2021-06-06,-5.85,-36.98,157,9.82,-0.86,14.250189781189,4.8346,372.468902587891,3.5823483898089,-96.57852,39.09105,58.6277831804525,41.3722168195475,1.01708945623113,1.00840053313784,250,470,"c(0.5, 0.5)"
01M01,N01B,Jun,2021-06-07,-5.93,-37.17,158,10.27,-0.42,16.6185398101807,28.3099,373.909790039062,1.96598646176319,-96.577021,39.086665000000004,24.141304674335558,75.85869532566444,1.0020648527170806,1.0160358381207562,1600,370,"c(0.2, 0.8)"
01M01,N01B,Aug,2021-08-09,0.18,2.38,221,0.77,-9.5,16.6185398101807,28.3099,373.909790039062,1.96598646176319,-96.577021,39.086665000000004,23.56026979507221,76.4397302049278,1.001853631328519,1.0020490232762667,1900,1600,"c(0.2, 0.8)"
01M02,N01B,Jun,2021-06-07,-5.94,-37.21,158,10.31,-0.38,15.3593635559082,27.8823,375.425323486328,6.79131327740862,-96.576332,39.086288,23.89266019238972,76.10733980761027,1.0014943563418013,1.001525903136934,2900,7500,"c(0.2, 0.8)"
01M02,N01B,Jul,2021-07-13,-6.13,-38.39,194,10.65,-0.05,15.3593635559082,27.8823,375.425323486328,6.79131327740862,-96.576332,39.086288,24.771025050306296,75.22897494969371,1.0013074461469642,1.0045524561681627,3900,910,"c(0.2, 0.8)"
01M03,N01B,Jun,2021-06-07,-5.75,-36.41,158,9.59,-1.08,15.6769094467163,25.997,378.814392089844,4.62101462346599,-96.575936,39.084711,24.17429036575342,75.82570963424658,1.0041857767429085,1.0162573714797358,740,240,"c(0.2, 0.8)"
01M04,N01B,Jun,2021-06-07,-5.79,-36.59,158,9.73,-0.95,15.9005174636841,24.7026,381.780731201172,3.51433664873022,-96.5751011,39.08357235,26.230855141753313,73.76914485824669,1.0024541898825259,1.003239659861862,1200,4200,"c(0.2, 0.8)"
01M05,N01B,Jun,2021-06-07,-5.81,-36.79,158,9.69,-0.99,15.9600172042847,19.8808,384.710754394531,2.66639959902081,-96.574188,39.082643,25.281117919973944,74.71888208002606,1.0044092767398396,1.0254881903682738,560,180,"c(0.2, 0.8)"
01M05,N01B,Jul,2021-07-13,-5.59,-35.86,194,8.86,-1.8,15.9600172042847,19.8808,384.710754394531,2.66639959902081,-96.574188,39.082643,22.51706861494324,77.48293138505676,1.0027198697341253,1.0017371279432206,1000,2100,"c(0.2, 0.8)"
01M05,N01B,Aug,2021-08-09,-5.19,-32.64,221,8.88,-1.76,15.9600172042847,19.8808,384.710754394531,2.66639959902081,-96.574188,39.082643,23.304693104087566,76.69530689591242,1.0011865319928461,1.0035907204047758,5200,2200,"c(0.2, 0.8)"
01M06,N01B,Jun,2021-06-07,-5.77,-36.4,158,9.76,-0.92,15.7502880096436,10.5589,394.224090576172,1.74732466454152,-96.571582,39.080649,25.97082168972903,74.02917831027096,1.0079366939868166,1.0287907664284155,290,130,"c(0.2, 0.8)"
02M01,N02B,Jun,2021-06-07,-5.78,-36.42,158,9.82,-0.86,17.5062637329102,24.1532,353.349395751953,0.690609994150927,-96.58815,39.09187,24.107316113854868,75.89268388614514,1.0061862637686048,1.0333745008177693,450,190,"c(0.2, 0.8)"
02M02,N02B,Jun,2021-06-07,-5.8,-36.55,158,9.85,-0.83,16.7412509918213,23.732,356.274871826172,1.45800846603901,-96.58832556,39.09084425,25.051580081982106,74.94841991801789,1.0037551414083887,1.013654713105973,680,310,"c(0.2, 0.8)"
02M03,N02B,Jun,2021-06-07,-5.83,-36.58,158,10.06,-0.62,15.9315042495728,20.3529,358.495635986328,2.80844838739997,-96.58859,39.08991,25.55840834081127,74.44159165918873,1.0082860064281869,1.0031534018157962,460,850,"c(0.2, 0.8)"
02M04,N02B,Jun,2021-06-07,-5.9,-37.08,158,10.12,-0.56,16.0222511291504,18.9885,364.215728759766,2.39339935503844,-96.589642,39.088242,24.374706228765923,75.62529377123408,1.0012041840712445,1.021708920622407,4900,410,"c(0.2, 0.8)"
02M05,N02B,Jun,2021-06-07,-5.89,-37.18,158,9.94,-0.74,16.3388805389404,17.783,367.758941650391,1.63363214959596,-96.59082413,39.08698067,25.98152855036907,74.01847144963092,1.0070894245481874,1.018466318896029,480,240,"c(0.2, 0.8)"
02M05,N02B,Jul,2021-07-13,-5.78,-36.94,194,8.82,-1.85,16.3388805389404,17.783,367.758941650391,1.63363214959596,-96.59082413,39.08698067,22.423862292376086,77.57613770762391,1.005369436735342,1.0187534136967655,440,190,"c(0.2, 0.8)"
02M05,N02B,Aug,2021-08-09,-5.84,-36.71,221,10.01,-0.67,16.3388805389404,17.783,367.758941650391,1.63363214959596,-96.59082413,39.08698067,24.539146669761006,75.46085333023899,1.0257123434537436,1.1220368067235613,91,33,"c(0.2, 0.8)"
02M06,N02B,Jun,2021-06-07,-5.9,-36.87,158,10.33,-0.35,15.435941696167,15.6919,369.406402587891,3.552439129378,-96.591427,39.087237,25.90452632409159,74.09547367590841,1.0044686621941057,1.018551184281426,550,190,"c(0.2, 0.8)"
02M06,N02B,Aug,2021-08-09,-1.47,-12.17,221,-0.32,-10.7,15.435941696167,15.6919,369.406402587891,3.552439129378,-96.591427,39.087237,20.2440251812939,79.7559748187061,1.0048420495982249,1.0075924260167526,500,330,"c(0.2, 0.8)"
02M07,N02B,Jun,2021-06-07,-5.9,-36.99,158,10.21,-0.47,15.2601690292358,14.1328,373.296539306641,3.81356831268082,-96.59252,39.08648,24.491804534263036,75.50819546573697,1.0035978370370984,1.0064649357591031,1100,790,"c(0.2, 0.8)"
02M07,N02B,Jul,2021-07-13,-5.93,-37.57,194,9.87,-0.82,15.2601690292358,14.1328,373.296539306641,3.81356831268082,-96.59252,39.08648,23.92162722198517,76.07837277801484,1.0119326453565363,1.0152794632877802,230,220,"c(0.2, 0.8)"
02M07,N02B,Aug,2021-08-09,-2.17,-17.99,221,1.22,-9.23,15.2601690292358,14.1328,373.296539306641,3.81356831268082,-96.59252,39.08648,19.669708160004262,80.33029183999574,1.0083171769571655,1.0449447645225487,270,100,"c(0.2, 0.8)"
02M08,N02B,Jun,2021-06-07,-5.93,-37.18,158,10.26,-0.43,15.9329080581665,12.9671,376.867004394531,1.78764145530976,-96.592913,39.085573,23.626459449913682,76.37354055008632,1.0021406923763065,1.0038096461352572,4900,830,"c(0.2, 0.8)"
02M10,N02B,Jun,2021-06-07,-5.92,-37.08,158,10.28,-0.41,14.1281938552856,6.1497,387.223388671875,5.14093522350631,-96.59357,39.08251,24.06078637292581,75.93921362707418,1.0015181847682908,1.0072515410189418,4600,670,"c(0.2, 0.8)"
02M10,N02B,Jul,2021-07-13,-5.57,-35.54,194,9.02,-1.64,14.1281938552856,6.1497,387.223388671875,5.14093522350631,-96.59357,39.08251,23.31007346526591,76.68992653473408,1.0015210979296736,1.0027449048247723,2800,1300,"c(0.2, 0.8)"
02M11,N02B,Jun,2021-06-07,-5.92,-37.14,158,10.22,-0.47,14.5844211578369,2.6741,401.544860839844,1.42006358225935,-96.593682,39.079249,25.126135569900942,74.87386443009906,1.0025668650770947,1.0045795141282454,1100,570,"c(0.2, 0.8)"
02M11,N02B,Jul,2021-07-13,-5.58,-35.42,194,9.22,-1.44,14.5844211578369,2.6741,401.544860839844,1.42006358225935,-96.593682,39.079249,23.064029559302597,76.9359704406974,1.0040479242491387,1.0146762982349404,620,250,"c(0.2, 0.8)"
04M01,N04D,Jun,2021-06-07,-5.92,-37.15,158,10.21,-0.48,16.1275215148926,39.7602,355.157409667969,4.50414143049234,-96.586195,39.089842,24.284979618729576,75.71502038127042,1.0022689395142055,1.0028912592791572,1400,1600,"c(0.2, 0.8)"
04M01,N04D,Jul,2021-07-13,-5.82,-36.99,194,9.57,-1.11,16.1275215148926,39.7602,355.157409667969,4.50414143049234,-96.586195,39.089842,23.128024331515487,76.87197566848451,1.0013170588172478,1.0011740498307498,3900,5300,"c(0.2, 0.8)"
04M01,N04D,Aug,2021-08-09,-4.64,-29.25,221,7.87,-2.73,16.1275215148926,39.7602,355.157409667969,4.50414143049234,-96.586195,39.089842,24.845708326376496,75.1542916736235,1.001400486617008,1.0041459926986962,3300,1200,"c(0.2, 0.8)"
04M02,N04D,Jun,2021-06-07,-5.96,-38,158,9.2,-1.49,15.9580707550049,30.2096,362.072326660156,4.05573107937911,-96.58481,39.08775,24.627184942288206,75.37281505771179,1.0081468692068636,1.0113943304976638,270,200,"c(0.2, 0.8)"
04M02,N04D,Jul,2021-07-13,-5.7,-36.3,194,9.3,-1.37,15.9580707550049,30.2096,362.072326660156,4.05573107937911,-96.58481,39.08775,23.4216260058766,76.5783739941234,1.0024263691241913,1.0112332306630272,1200,350,"c(0.2, 0.8)"
04M02,N04D,Aug,2021-08-09,-5.1,-32.4,221,8.4,-2.23,15.9580707550049,30.2096,362.072326660156,4.05573107937911,-96.58481,39.08775,21.51443334023691,78.48556665976308,1.0038070590137687,1.0087672582633862,670,350,"c(0.2, 0.8)"
04M03,N04D,Jun,2021-06-07,-5.93,-37.27,158,10.17,-0.52,17.7147426605225,29.302,364.991577148438,0.680164764607852,-96.58366,39.08685,24.115568473985423,75.88443152601458,1.0015616016965743,1.0049684009170499,2700,2300,"c(0.2, 0.8)"
04M03,N04D,Jul,2021-07-13,-5.49,-35.46,194,8.46,-2.2,17.7147426605225,29.302,364.991577148438,0.680164764607852,-96.58366,39.08685,24.08657542898512,75.91342457101487,1.0074049051143734,1.0119269455282656,300,310,"c(0.2, 0.8)"
04M03,N04D,Aug,2021-08-09,-4.88,-30.98,221,8.06,-2.55,17.7147426605225,29.302,364.991577148438,0.680164764607852,-96.58366,39.08685,23.865977379073648,76.13402262092636,1.0055955489790112,1.016451025527337,420,220,"c(0.2, 0.8)"
04M04,N04D,Jun,2021-06-07,-5.91,-37.19,158,10.09,-0.6,15.8990774154663,28.413,367.72216796875,4.04636632071282,-96.58345,39.08576,24.820980842448762,75.17901915755124,1.004441696372921,1.012383278102485,550,290,"c(0.2, 0.8)"
04M04,N04D,Jul,2021-07-13,-5.79,-36.67,194,9.65,-1.03,15.8990774154663,28.413,367.72216796875,4.04636632071282,-96.58345,39.08576,24.60459401845288,75.39540598154713,1.0106253656939839,1.0566801785938393,210,75,"c(0.2, 0.8)"
04M04,N04D,Aug,2021-08-09,-5.56,-35.13,221,9.35,-1.31,15.8990774154663,28.413,367.72216796875,4.04636632071282,-96.58345,39.08576,20.52370723672751,79.4762927632725,1.00140525216148,1.003459139790792,3300,1100,"c(0.2, 0.8)"
04M05,N04D,Jun,2021-06-07,-5.9,-37.45,158,9.5,-1.18,16.1744060516357,23.8689,370.058471679688,2.58365799856904,-96.5831,39.08502,23.646976730718023,76.35302326928198,1.003004537613238,1.0108908193972745,910,450,"c(0.2, 0.8)"
04M05,N04D,Jul,2021-07-13,-6,-38.4,194,9.6,-1.09,16.1744060516357,23.8689,370.058471679688,2.58365799856904,-96.5831,39.08502,23.90361855832206,76.09638144167793,1.0116590867747184,1.048437291757509,210,93,"c(0.2, 0.8)"
04M05,N04D,Aug,2021-08-09,-5.8,-36.4,221,10,-0.68,16.1744060516357,23.8689,370.058471679688,2.58365799856904,-96.5831,39.08502,22.431894040300055,77.56810595969995,1.0027681118859855,1.0109971193039144,1000,290,"c(0.2, 0.8)"
04M06,N04D,Jun,2021-06-07,-5.94,-37.33,158,10.19,-0.5,15.6375856399536,23.3323,372.054779052734,4.31490041279515,-96.58342,39.084258,22.15395397169144,77.84604602830856,1.0053518576214484,1.0205623037136922,450,200,"c(0.2, 0.8)"
04M06,N04D,Jul,2021-07-13,-5.93,-37.38,194,10.06,-0.63,15.6375856399536,23.3323,372.054779052734,4.31490041279515,-96.58342,39.084258,22.596319703314453,77.40368029668555,1.0021683778562955,1.002997166701467,2200,2600,"c(0.2, 0.8)"
04M06,N04D,Aug,2021-08-09,-5.74,-36.23,221,9.69,-0.98,15.6375856399536,23.3323,372.054779052734,4.31490041279515,-96.58342,39.084258,24.26124598709092,75.73875401290908,1.0290163134147778,1.1151573824475853,74,31,"c(0.2, 0.8)"
04M07,N04D,Jun,2021-06-07,-5.96,-37.27,158,10.41,-0.28,17.3331470489502,15.1506,376.434906005859,0.515087172551842,-96.58253,39.08278,24.676043836930592,75.32395616306941,1.0015097493198013,1.0049068452820058,2800,630,"c(0.2, 0.8)"
04M08,N04D,Jun,2021-06-07,-5.96,-37.24,158,10.44,-0.25,15.4511318206787,13.8929,380.307403564453,3.09870598857612,-96.58221,39.08131,26.806377586415277,73.19362241358472,1.0144152204575965,1.0853804352882732,170,53,"c(0.2, 0.8)"
04M08,N04D,Jul,2021-07-13,-5.92,-37.5,194,9.86,-0.83,15.4511318206787,13.8929,380.307403564453,3.09870598857612,-96.58221,39.08131,22.10432165823601,77.89567834176398,1.006021822809949,1.0184716094767206,390,210,"c(0.2, 0.8)"
04M08,N04D,Aug,2021-08-09,-5.92,-37.24,221,10.12,-0.57,15.4511318206787,13.8929,380.307403564453,3.09870598857612,-96.58221,39.08131,19.65242655819046,80.34757344180954,1.0013729009927532,1.0051487993309742,3500,780,"c(0.2, 0.8)"
04M09,N04D,Jun,2021-06-07,-6,-37.48,158,10.5,-0.19,15.0155191421509,8.4654,384.876220703125,2.9192216286791,-96.581629,39.079941,23.436592039043962,76.56340796095603,1.0018370695807597,1.0025985556261114,1900,1100,"c(0.2, 0.8)"
04M10,N04D,Jun,2021-06-07,-5.98,-37.31,158,10.53,-0.16,14.8743505477905,6.5928,393.935333251953,2.61861519948865,-96.58289,39.077433,23.325121707830238,76.67487829216975,1.0040189764108507,1.0041459124571364,630,600,"c(0.2, 0.8)"
04M11,N04D,Jun,2021-06-07,-5.96,-37.22,158,10.46,-0.23,13.7661218643188,2.8759,404.717041015625,3.45818055341955,-96.583835,39.074718,23.39380031607827,76.60619968392173,1.0013042066253048,1.012083296984567,4000,2500,"c(0.2, 0.8)"
04M12,N04D,Jun,2021-06-07,-5.9,-37.2,158,10,-0.68,14.388445854187,2.2526,407.246307373047,1.45519363037948,-96.584063,39.073158,24.710895860195258,75.28910413980473,1.0060918430835195,1.0093614520561005,420,320,"c(0.2, 0.8)"
04T02,N04D,Jun,2021-06-07,-5.94,-37.18,158,10.34,-0.35,14.3093347549438,3.6998,386.719055175781,2.58565615268831,-96.580865,39.079765,24.201505599906742,75.79849440009326,1.0022085795363134,1.0310252592133087,1400,200,"c(0.2, 0.8)"
04W02,N04D,Jun,2021-06-07,-5.81,-36.49,158,9.99,-0.69,14.1996641159058,6.1059,370.888000488281,4.75410042094446,-96.58691,39.08611,22.7302100081534,77.26978999184661,1.0025978353997043,1.0121894525210897,1100,360,"c(0.2, 0.8)"
04W03,N04D,Jun,2021-06-07,-5.9,-36.89,158,10.31,-0.37,13.665397644043,4.2006,382.255523681641,5.57549280423922,-96.58803867,39.08385954,25.81989635022031,74.1801036497797,1.0043388931379842,1.0414670202278355,640,110,"c(0.2, 0.8)"
04W03,N04D,Jul,2021-07-13,-5.84,-37.02,194,9.7,-0.98,13.665397644043,4.2006,382.255523681641,5.57549280423922,-96.58803867,39.08385954,23.482864680147188,76.51713531985281,1.0139765980821673,1.019039874400009,170,150,"c(0.2, 0.8)"
04W03,N04D,Aug,2021-08-09,-4.76,-30,221,8.08,-2.53,13.665397644043,4.2006,382.255523681641,5.57549280423922,-96.58803867,39.08385954,25.913311434441617,74.08668856555839,1.0048256469500518,1.033273314589598,500,180,"c(0.2, 0.8)"
04W04,N04D,Jun,2021-06-07,-5.85,-36.79,158,10.01,-0.67,13.686861038208,2.9816,390.920166015625,3.87979879049352,-96.58868,39.08228,25.128857892320074,74.87114210767992,1.004612033914161,1.013609652171872,530,300,"c(0.2, 0.8)"
04W04,N04D,Jul,2021-07-13,-5.96,-37.82,194,9.86,-0.83,13.686861038208,2.9816,390.920166015625,3.87979879049352,-96.58868,39.08228,23.22003942379513,76.77996057620487,1.0021607866277713,1.0043268300400663,1500,1200,"c(0.2, 0.8)"
04W04,N04D,Aug,2021-08-09,-5.84,-36.79,221,9.93,-0.75,13.686861038208,2.9816,390.920166015625,3.87979879049352,-96.58868,39.08228,21.834084140741776,78.16591585925823,1.0025880953258002,1.002578961144858,1100,1900,"c(0.2, 0.8)"
20M04,N20B,Jun,2021-06-07,-5.98,-36.99,158,10.85,0.16,15.419207572937,8.6075,389.796203613281,1.98325844763327,-96.57111,39.08709,23.188989469837885,76.81101053016212,1.0051893248669013,1.0141870289005297,460,260,"c(0.2, 0.8)"
20M05,N20B,Jun,2021-06-07,-6.01,-37.31,158,10.77,0.08,13.7070283889771,5.444,401.0048828125,6.91935096376316,-96.568,39.086,25.505213014955324,74.49478698504468,1.0041803923644432,1.03346425269274,590,150,"c(0.2, 0.8)"
20M05,N20B,Jul,2021-07-13,-5.1,-32.41,194,8.39,-2.24,13.7070283889771,5.444,401.0048828125,6.91935096376316,-96.568,39.086,25.192766704227733,74.80723329577226,1.003344566434401,1.0127727260548283,790,320,"c(0.2, 0.8)"
SFM01,SFKC,Jun,2021-06-07,-5.94,-37.93,158,8.9,-1.79,18.4498310089111,132.6873,350.811157226562,1.47647448239279,-96.587193,39.092281,24.110086200569558,75.88991379943045,1.0035594498766482,1.012869385183631,780,220,"c(0.2, 0.8)"
SFM01,SFKC,Jul,2021-07-13,-5.8,-36.39,194,9.8,-0.88,18.4498310089111,132.6873,350.811157226562,1.47647448239279,-96.587193,39.092281,22.29523111516513,77.70476888483488,1.0070698670626634,1.0426881576825413,320,93,"c(0.2, 0.8)"
SFM02,SFKC,Jun,2021-06-07,-5.91,-36.91,158,10.37,-0.32,17.5833492279053,107.6787,352.750610351562,2.84821417052932,-96.58632,39.09126,24.540519451347638,75.45948054865235,1.0030627237849712,1.0049321458771128,890,7500,"c(0.2, 0.8)"
SFM03,SFKC,Jun,2021-06-07,-5.89,-36.82,158,10.3,-0.38,16.6171092987061,67.3302,353.385375976562,4.67389311910185,-96.58605,39.09095,24.032574558608644,75.96742544139136,1.0020350166187788,1.0061478424020276,2500,1400,"c(0.2, 0.8)"
SFM04,SFKC,Jun,2021-06-07,-5.88,-36.9,158,10.14,-0.54,18.6879825592041,60.9054,356.138275146484,0.534205380242959,-96.5844,39.09089,23.70670022812551,76.29329977187449,1.0017883425369294,1.0052061055943757,2000,1300,"c(0.2, 0.8)"
SFM05,SFKC,Jun,2021-06-07,-5.87,-36.77,158,10.19,-0.49,16.9318199157715,58.6702,361.067810058594,2.97703061412269,-96.58186,39.09019,24.545653836540712,75.45434616345929,1.008108713457213,1.0259056314086212,280,140,"c(0.2, 0.8)"
SFM05,SFKC,Jul,2021-07-13,-5.68,-36.74,194,8.7,-1.97,16.9318199157715,58.6702,361.067810058594,2.97703061412269,-96.58186,39.09019,21.905452566182962,78.09454743381704,1.0007999158201537,1.0056749158778635,7500,2700,"c(0.2, 0.8)"
SFM06,SFKC,Jun,2021-06-07,-5.88,-36.8,158,10.24,-0.44,16.90305519104,51.0121,365.224548339844,2.66445720234079,-96.57941,39.0895,25.54512426937641,74.4548757306236,1.0026701563196914,1.0028868844257286,1100,960,"c(0.2, 0.8)"
SFM07,SFKC,Jun,2021-06-07,-5.93,-37,158,10.44,-0.25,17.5471897125244,49.9061,367.348571777344,1.36954357414589,-96.578458,39.088683,26.229137894992473,73.77086210500752,1.0048931528689957,1.0049971033081377,6100,870,"c(0.2, 0.8)"
SFT01,SFKC,Jun,2021-06-06,-5.76,-36.56,157,9.52,-1.16,13.7874336242676,4.5053,356.83984375,5.29457699076767,-96.58517,39.09185,23.38852650890757,76.61147349109243,1.000899334536916,1.002087905381144,7500,2900,"c(0.2, 0.8)"
SFT01,SFKC,Jul,2021-07-13,-5.79,-37.29,194,9.03,-1.65,13.7874336242676,4.5053,356.83984375,5.29457699076767,-96.58517,39.09185,23.275534835115135,76.72446516488486,1.011253098855384,1.0496016384919014,190,79,"c(0.2, 0.8)"
SFT01,SFKC,Aug,2021-08-09,-5.67,-36.25,221,9.11,-1.56,13.7874336242676,4.5053,356.83984375,5.29457699076767,-96.58517,39.09185,23.466895626901785,76.53310437309821,1.0044388922579142,1.0232592334250321,760,280,"c(0.2, 0.8)"
SFT02,SFKC,Jun,2021-06-06,-5.85,-36.98,157,9.82,-0.86,14.250189781189,4.8346,372.468902587891,3.5823483898089,-96.57852,39.09105,25.008544645849184,74.99145535415082,1.0060783034965417,1.0225542056699228,380,150,"c(0.2, 0.8)"
01M01,N01B,Jun,2021-06-07,-5.93,-37.17,158,10.27,-0.42,16.6185398101807,28.3099,373.909790039062,1.96598646176319,-96.577021,39.086665000000004,80.93364479883559,19.066355201164427,1.0137656296838649,1.0019598824669202,330,1700,"c(0.8, 0.2)"
01M01,N01B,Aug,2021-08-09,0.18,2.38,221,0.77,-9.5,16.6185398101807,28.3099,373.909790039062,1.96598646176319,-96.577021,39.086665000000004,82.60421870322597,17.395781296774036,1.003945202454939,1.0010750317585255,1600,7200,"c(0.8, 0.2)"
01M02,N01B,Jun,2021-06-07,-5.94,-37.21,158,10.31,-0.38,15.3593635559082,27.8823,375.425323486328,6.79131327740862,-96.576332,39.086288,80.50555123668438,19.494448763315617,1.0048249852929325,1.0033037953652468,500,800,"c(0.8, 0.2)"
01M02,N01B,Jul,2021-07-13,-6.13,-38.39,194,10.65,-0.05,15.3593635559082,27.8823,375.425323486328,6.79131327740862,-96.576332,39.086288,80.53300449736447,19.466995502635534,1.001949130134351,1.0111231151332671,1700,660,"c(0.8, 0.2)"
01M03,N01B,Jun,2021-06-07,-5.75,-36.41,158,9.59,-1.08,15.6769094467163,25.997,378.814392089844,4.62101462346599,-96.575936,39.084711,79.8116914184215,20.188308581578493,1.0032165456064888,1.0049070546863916,860,510,"c(0.8, 0.2)"
01M04,N01B,Jun,2021-06-07,-5.79,-36.59,158,9.73,-0.95,15.9005174636841,24.7026,381.780731201172,3.51433664873022,-96.5751011,39.08357235,79.36218061295529,20.63781938704471,1.0052600596962444,1.0024852613237303,1300,1200,"c(0.8, 0.2)"
01M05,N01B,Jun,2021-06-07,-5.81,-36.79,158,9.69,-0.99,15.9600172042847,19.8808,384.710754394531,2.66639959902081,-96.574188,39.082643,80.85851361490222,19.141486385097785,1.0022250993052992,1.0021569257320253,2800,1500,"c(0.8, 0.2)"
01M05,N01B,Jul,2021-07-13,-5.59,-35.86,194,8.86,-1.8,15.9600172042847,19.8808,384.710754394531,2.66639959902081,-96.574188,39.082643,79.90333614163958,20.09666385836041,1.0151620895249358,1.0028851134562122,310,1400,"c(0.8, 0.2)"
01M05,N01B,Aug,2021-08-09,-5.19,-32.64,221,8.88,-1.76,15.9600172042847,19.8808,384.710754394531,2.66639959902081,-96.574188,39.082643,70.36567915062635,29.63432084937366,1.0044535413486566,1.0027228613660133,820,1000,"c(0.8, 0.2)"
01M06,N01B,Jun,2021-06-07,-5.77,-36.4,158,9.76,-0.92,15.7502880096436,10.5589,394.224090576172,1.74732466454152,-96.571582,39.080649,79.6414040594419,20.358595940558114,1.0014529840491357,1.0012342849942768,3100,4600,"c(0.8, 0.2)"
02M01,N02B,Jun,2021-06-07,-5.78,-36.42,158,9.82,-0.86,17.5062637329102,24.1532,353.349395751953,0.690609994150927,-96.58815,39.09187,80.75650735014477,19.243492649855234,1.0011526970945805,1.0011975380308076,5600,5000,"c(0.8, 0.2)"
02M02,N02B,Jun,2021-06-07,-5.8,-36.55,158,9.85,-0.83,16.7412509918213,23.732,356.274871826172,1.45800846603901,-96.58832556,39.09084425,79.54933491640203,20.45066508359797,1.0204710426002177,1.018262204467838,140,140,"c(0.8, 0.2)"
02M03,N02B,Jun,2021-06-07,-5.83,-36.58,158,10.06,-0.62,15.9315042495728,20.3529,358.495635986328,2.80844838739997,-96.58859,39.08991,82.35889834580598,17.641101654194006,1.002381492266773,1.001231899412077,1800,4600,"c(0.8, 0.2)"
02M04,N02B,Jun,2021-06-07,-5.9,-37.08,158,10.12,-0.56,16.0222511291504,18.9885,364.215728759766,2.39339935503844,-96.589642,39.088242,80.81374047084198,19.186259529158022,1.0396574824620006,1.0156633721049961,94,160,"c(0.8, 0.2)"
02M05,N02B,Jun,2021-06-07,-5.89,-37.18,158,9.94,-0.74,16.3388805389404,17.783,367.758941650391,1.63363214959596,-96.59082413,39.08698067,79.2486499681199,20.751350031880094,1.0033873161986948,1.004886817675686,2000,1100,"c(0.8, 0.2)"
02M05,N02B,Jul,2021-07-13,-5.78,-36.94,194,8.82,-1.85,16.3388805389404,17.783,367.758941650391,1.63363214959596,-96.59082413,39.08698067,80.20437424409991,19.795625755900097,1.0147694282189859,1.0156895102303773,150,140,"c(0.8, 0.2)"
02M05,N02B,Aug,2021-08-09,-5.84,-36.71,221,10.01,-0.67,16.3388805389404,17.783,367.758941650391,1.63363214959596,-96.59082413,39.08698067,66.45367679656941,33.546323203430575,1.0048787869741933,1.0216351258685117,490,330,"c(0.8, 0.2)"
02M06,N02B,Jun,2021-06-07,-5.9,-36.87,158,10.33,-0.35,15.435941696167,15.6919,369.406402587891,3.552439129378,-96.591427,39.087237,81.32771316567234,18.67228683432766,1.0160709412130409,1.0100971349074548,220,260,"c(0.8, 0.2)"
02M06,N02B,Aug,2021-08-09,-1.47,-12.17,221,-0.32,-10.7,15.435941696167,15.6919,369.406402587891,3.552439129378,-96.591427,39.087237,73.88477426487557,26.11522573512442,1.0037689009128499,1.0060340863307797,1100,760,"c(0.8, 0.2)"
02M07,N02B,Jun,2021-06-07,-5.9,-36.99,158,10.21,-0.47,15.2601690292358,14.1328,373.296539306641,3.81356831268082,-96.59252,39.08648,78.66046152123883,21.339538478761185,1.0125214072726416,1.002687385296121,440,1100,"c(0.8, 0.2)"
02M07,N02B,Jul,2021-07-13,-5.93,-37.57,194,9.87,-0.82,15.2601690292358,14.1328,373.296539306641,3.81356831268082,-96.59252,39.08648,81.5183167150898,18.481683284910215,1.009346379299359,1.0034314086185783,530,1000,"c(0.8, 0.2)"
02M07,N02B,Aug,2021-08-09,-2.17,-17.99,221,1.22,-9.23,15.2601690292358,14.1328,373.296539306641,3.81356831268082,-96.59252,39.08648,65.03924470875069,34.96075529124931,1.001833883303189,1.0090290107133055,1900,1000,"c(0.8, 0.2)"
02M08,N02B,Jun,2021-06-07,-5.93,-37.18,158,10.26,-0.43,15.9329080581665,12.9671,376.867004394531,1.78764145530976,-96.592913,39.085573,80.27323199666971,19.7267680033303,1.0061482433193703,1.0017835789467298,1000,2000,"c(0.8, 0.2)"
02M10,N02B,Jun,2021-06-07,-5.92,-37.08,158,10.28,-0.41,14.1281938552856,6.1497,387.223388671875,5.14093522350631,-96.59357,39.08251,81.3883672267278,18.611632773272202,1.0031606457209041,1.0035302622831477,850,780,"c(0.8, 0.2)"
02M10,N02B,Jul,2021-07-13,-5.57,-35.54,194,9.02,-1.64,14.1281938552856,6.1497,387.223388671875,5.14093522350631,-96.59357,39.08251,81.6349610815424,18.365038918457593,1.0094208341175035,1.0082006121239817,250,270,"c(0.8, 0.2)"
02M11,N02B,Jun,2021-06-07,-5.92,-37.14,158,10.22,-0.47,14.5844211578369,2.6741,401.544860839844,1.42006358225935,-96.593682,39.079249,81.01788755265319,18.98211244734681,1.0405953468768776,1.0291846622462348,72,83,"c(0.8, 0.2)"
02M11,N02B,Jul,2021-07-13,-5.58,-35.42,194,9.22,-1.44,14.5844211578369,2.6741,401.544860839844,1.42006358225935,-96.593682,39.079249,79.97703517300037,20.022964826999623,1.029196251059137,1.0155845557158945,100,140,"c(0.8, 0.2)"
04M01,N04D,Jun,2021-06-07,-5.92,-37.15,158,10.21,-0.48,16.1275215148926,39.7602,355.157409667969,4.50414143049234,-96.586195,39.089842,80.79949046222785,19.20050953777214,1.001013827438888,1.0008263641519421,7500,7500,"c(0.8, 0.2)"
04M01,N04D,Jul,2021-07-13,-5.82,-36.99,194,9.57,-1.11,16.1275215148926,39.7602,355.157409667969,4.50414143049234,-96.586195,39.089842,79.93580779017778,20.06419220982223,1.0476477738553602,1.013815149612825,93,160,"c(0.8, 0.2)"
04M01,N04D,Aug,2021-08-09,-4.64,-29.25,221,7.87,-2.73,16.1275215148926,39.7602,355.157409667969,4.50414143049234,-96.586195,39.089842,73.03939197045037,26.960608029549636,1.0034292154884041,1.0031899556417065,760,3300,"c(0.8, 0.2)"
04M02,N04D,Jun,2021-06-07,-5.96,-38,158,9.2,-1.49,15.9580707550049,30.2096,362.072326660156,4.05573107937911,-96.58481,39.08775,79.67535028916988,20.324649710830105,1.0014381813410436,1.0015304225956074,3100,7500,"c(0.8, 0.2)"
04M02,N04D,Jul,2021-07-13,-5.7,-36.3,194,9.3,-1.37,15.9580707550049,30.2096,362.072326660156,4.05573107937911,-96.58481,39.08775,80.36761603248901,19.63238396751099,1.0294863101370906,1.0037909512162353,260,670,"c(0.8, 0.2)"
04M02,N04D,Aug,2021-08-09,-5.1,-32.4,221,8.4,-2.23,15.9580707550049,30.2096,362.072326660156,4.05573107937911,-96.58481,39.08775,69.14353076325177,30.856469236748218,1.0043096753555687,1.0236367256172476,1100,290,"c(0.8, 0.2)"
04M03,N04D,Jun,2021-06-07,-5.93,-37.27,158,10.17,-0.52,17.7147426605225,29.302,364.991577148438,0.680164764607852,-96.58366,39.08685,81.83932340444493,18.160676595555067,1.00230105469644,1.002298251777098,1300,1300,"c(0.8, 0.2)"
04M03,N04D,Jul,2021-07-13,-5.49,-35.46,194,8.46,-2.2,17.7147426605225,29.302,364.991577148438,0.680164764607852,-96.58366,39.08685,78.1122315674456,21.887768432554395,1.0151376960354397,1.016087477991727,160,150,"c(0.8, 0.2)"
04M03,N04D,Aug,2021-08-09,-4.88,-30.98,221,8.06,-2.55,17.7147426605225,29.302,364.991577148438,0.680164764607852,-96.58366,39.08685,70.75806912820802,29.241930871791972,1.0098879402159064,1.0051874202077344,370,460,"c(0.8, 0.2)"
04M04,N04D,Jun,2021-06-07,-5.91,-37.19,158,10.09,-0.6,15.8990774154663,28.413,367.72216796875,4.04636632071282,-96.58345,39.08576,80.50282751434065,19.497172485659338,1.002298177957547,1.001771762162738,1300,2100,"c(0.8, 0.2)"
04M04,N04D,Jul,2021-07-13,-5.79,-36.67,194,9.65,-1.03,15.8990774154663,28.413,367.72216796875,4.04636632071282,-96.58345,39.08576,80.58428830672064,19.415711693279356,1.0240287968449862,1.0053677483082541,180,440,"c(0.8, 0.2)"
04M04,N04D,Aug,2021-08-09,-5.56,-35.13,221,9.35,-1.31,15.8990774154663,28.413,367.72216796875,4.04636632071282,-96.58345,39.08576,68.0784988319569,31.921501168043093,1.0090272475254254,1.010798320784537,380,370,"c(0.8, 0.2)"
04M05,N04D,Jun,2021-06-07,-5.9,-37.45,158,9.5,-1.18,16.1744060516357,23.8689,370.058471679688,2.58365799856904,-96.5831,39.08502,79.4604917576087,20.53950824239131,1.003711781760035,1.003443863275933,690,760,"c(0.8, 0.2)"
04M05,N04D,Jul,2021-07-13,-6,-38.4,194,9.6,-1.09,16.1744060516357,23.8689,370.058471679688,2.58365799856904,-96.5831,39.08502,80.39508462256751,19.6049153774325,1.0161212881006887,1.0056033951911278,340,460,"c(0.8, 0.2)"
04M05,N04D,Aug,2021-08-09,-5.8,-36.4,221,10,-0.68,16.1744060516357,23.8689,370.058471679688,2.58365799856904,-96.5831,39.08502,68.80323975677352,31.196760243226485,1.0092699735931703,1.0196390520723477,870,770,"c(0.8, 0.2)"
04M06,N04D,Jun,2021-06-07,-5.94,-37.33,158,10.19,-0.5,15.6375856399536,23.3323,372.054779052734,4.31490041279515,-96.58342,39.084258,80.37945883355006,19.620541166449932,1.00611880558836,1.0050190313877572,1100,590,"c(0.8, 0.2)"
04M06,N04D,Jul,2021-07-13,-5.93,-37.38,194,10.06,-0.63,15.6375856399536,23.3323,372.054779052734,4.31490041279515,-96.58342,39.084258,79.39583017315057,20.60416982684943,1.0158547605009833,1.0046340718874904,650,590,"c(0.8, 0.2)"
04M06,N04D,Aug,2021-08-09,-5.74,-36.23,221,9.69,-0.98,15.6375856399536,23.3323,372.054779052734,4.31490041279515,-96.58342,39.084258,67.112330368222,32.887669631777996,1.0013085503115151,1.0027444090153281,7500,6400,"c(0.8, 0.2)"
04M07,N04D,Jun,2021-06-07,-5.96,-37.27,158,10.41,-0.28,17.3331470489502,15.1506,376.434906005859,0.515087172551842,-96.58253,39.08278,82.42600628406484,17.573993715935167,1.0086720144945323,1.0189360342660385,340,190,"c(0.8, 0.2)"
04M08,N04D,Jun,2021-06-07,-5.96,-37.24,158,10.44,-0.25,15.4511318206787,13.8929,380.307403564453,3.09870598857612,-96.58221,39.08131,81.05684383397951,18.943156166020486,1.007188475255736,1.0096110792665585,410,280,"c(0.8, 0.2)"
04M08,N04D,Jul,2021-07-13,-5.92,-37.5,194,9.86,-0.83,15.4511318206787,13.8929,380.307403564453,3.09870598857612,-96.58221,39.08131,80.13235029801568,19.867649701984323,1.0180510507233194,1.002691364075492,280,1100,"c(0.8, 0.2)"
04M08,N04D,Aug,2021-08-09,-5.92,-37.24,221,10.12,-0.57,15.4511318206787,13.8929,380.307403564453,3.09870598857612,-96.58221,39.08131,67.24241531760897,32.757584682391034,1.0181743007217081,1.0127098966184394,150,170,"c(0.8, 0.2)"
04M09,N04D,Jun,2021-06-07,-6,-37.48,158,10.5,-0.19,15.0155191421509,8.4654,384.876220703125,2.9192216286791,-96.581629,39.079941,82.11774769831189,17.88225230168811,1.0065631618731896,1.00137466158993,1700,3500,"c(0.8, 0.2)"
04M10,N04D,Jun,2021-06-07,-5.98,-37.31,158,10.53,-0.16,14.8743505477905,6.5928,393.935333251953,2.61861519948865,-96.58289,39.077433,81.79083170220312,18.209168297796875,1.030607881950869,1.0126781057351932,120,220,"c(0.8, 0.2)"
04M11,N04D,Jun,2021-06-07,-5.96,-37.22,158,10.46,-0.23,13.7661218643188,2.8759,404.717041015625,3.45818055341955,-96.583835,39.074718,80.1595423956442,19.840457604355798,1.0045217164619957,1.0031650645217043,700,850,"c(0.8, 0.2)"
04M12,N04D,Jun,2021-06-07,-5.9,-37.2,158,10,-0.68,14.388445854187,2.2526,407.246307373047,1.45519363037948,-96.584063,39.073158,80.70568143219135,19.294318567808645,1.0228902937120383,1.008352064762076,170,270,"c(0.8, 0.2)"
04T02,N04D,Jun,2021-06-07,-5.94,-37.18,158,10.34,-0.35,14.3093347549438,3.6998,386.719055175781,2.58565615268831,-96.580865,39.079765,81.80222306923565,18.19777693076434,1.0014277462794043,1.001150117788566,3200,5700,"c(0.8, 0.2)"
04W02,N04D,Jun,2021-06-07,-5.81,-36.49,158,9.99,-0.69,14.1996641159058,6.1059,370.888000488281,4.75410042094446,-96.58691,39.08611,81.45294683209276,18.54705316790723,1.005047789318348,1.0014723325060628,1000,3000,"c(0.8, 0.2)"
04W03,N04D,Jun,2021-06-07,-5.9,-36.89,158,10.31,-0.37,13.665397644043,4.2006,382.255523681641,5.57549280423922,-96.58803867,39.08385954,80.59618114763634,19.403818852363653,1.008037566010274,1.008680156698058,280,260,"c(0.8, 0.2)"
04W03,N04D,Jul,2021-07-13,-5.84,-37.02,194,9.7,-0.98,13.665397644043,4.2006,382.255523681641,5.57549280423922,-96.58803867,39.08385954,79.76625859221767,20.23374140778233,1.0057143580469732,1.0032573240328742,630,820,"c(0.8, 0.2)"
04W03,N04D,Aug,2021-08-09,-4.76,-30,221,8.08,-2.53,13.665397644043,4.2006,382.255523681641,5.57549280423922,-96.58803867,39.08385954,73.70497955912661,26.29502044087338,1.0032307889062049,1.0070249997547243,4400,2600,"c(0.8, 0.2)"
04W04,N04D,Jun,2021-06-07,-5.85,-36.79,158,10.01,-0.67,13.686861038208,2.9816,390.920166015625,3.87979879049352,-96.58868,39.08228,80.92895389632946,19.07104610367054,1.0026450534007414,1.002006976372931,1100,1700,"c(0.8, 0.2)"
04W04,N04D,Jul,2021-07-13,-5.96,-37.82,194,9.86,-0.83,13.686861038208,2.9816,390.920166015625,3.87979879049352,-96.58868,39.08228,79.19155182619542,20.80844817380459,1.0021746640532028,1.0025538681423365,1500,1100,"c(0.8, 0.2)"
04W04,N04D,Aug,2021-08-09,-5.84,-36.79,221,9.93,-0.75,13.686861038208,2.9816,390.920166015625,3.87979879049352,-96.58868,39.08228,68.12390727369018,31.876092726309825,1.0049349982813627,1.0109104113148268,750,5000,"c(0.8, 0.2)"
20M04,N20B,Jun,2021-06-07,-5.98,-36.99,158,10.85,0.16,15.419207572937,8.6075,389.796203613281,1.98325844763327,-96.57111,39.08709,82.08839953552149,17.911600464478507,1.0175535363711101,1.0148045815561781,220,250,"c(0.8, 0.2)"
20M05,N20B,Jun,2021-06-07,-6.01,-37.31,158,10.77,0.08,13.7070283889771,5.444,401.0048828125,6.91935096376316,-96.568,39.086,81.53580745183302,18.464192548166984,1.0212840685607527,1.0046316679205802,250,520,"c(0.8, 0.2)"
20M05,N20B,Jul,2021-07-13,-5.1,-32.41,194,8.39,-2.24,13.7070283889771,5.444,401.0048828125,6.91935096376316,-96.568,39.086,80.72077608351898,19.279223916481016,1.0044661159883335,1.001868590547354,1200,1900,"c(0.8, 0.2)"
SFM01,SFKC,Jun,2021-06-07,-5.94,-37.93,158,8.9,-1.79,18.4498310089111,132.6873,350.811157226562,1.47647448239279,-96.587193,39.092281,78.30049442080671,21.699505579193282,1.0026900673519739,1.0017477488692317,1900,2100,"c(0.8, 0.2)"
SFM01,SFKC,Jul,2021-07-13,-5.8,-36.39,194,9.8,-0.88,18.4498310089111,132.6873,350.811157226562,1.47647448239279,-96.587193,39.092281,80.95313140979677,19.046868590203236,1.0029145794501446,1.0049517462322897,950,570,"c(0.8, 0.2)"
SFM02,SFKC,Jun,2021-06-07,-5.91,-36.91,158,10.37,-0.32,17.5833492279053,107.6787,352.750610351562,2.84821417052932,-96.58632,39.09126,82.93657592078831,17.063424079211686,1.0069191742012185,1.0049537670830249,360,480,"c(0.8, 0.2)"
SFM03,SFKC,Jun,2021-06-07,-5.89,-36.82,158,10.3,-0.38,16.6171092987061,67.3302,353.385375976562,4.67389311910185,-96.58605,39.09095,81.71637191422774,18.283628085772264,1.0067318238208722,1.0011093840497216,1700,6400,"c(0.8, 0.2)"
SFM04,SFKC,Jun,2021-06-07,-5.88,-36.9,158,10.14,-0.54,18.6879825592041,60.9054,356.138275146484,0.534205380242959,-96.5844,39.09089,81.29942574028291,18.700574259717087,1.0195943250523316,1.0032014004640442,260,1500,"c(0.8, 0.2)"
SFM05,SFKC,Jun,2021-06-07,-5.87,-36.77,158,10.19,-0.49,16.9318199157715,58.6702,361.067810058594,2.97703061412269,-96.58186,39.09019,82.11013744736256,17.889862552637435,1.0092799422320482,1.0011647519581286,630,5500,"c(0.8, 0.2)"
SFM05,SFKC,Jul,2021-07-13,-5.68,-36.74,194,8.7,-1.97,16.9318199157715,58.6702,361.067810058594,2.97703061412269,-96.58186,39.09019,78.14644794326313,21.85355205673687,1.013162172651359,1.0085335158884485,510,5000,"c(0.8, 0.2)"
SFM06,SFKC,Jun,2021-06-07,-5.88,-36.8,158,10.24,-0.44,16.90305519104,51.0121,365.224548339844,2.66445720234079,-96.57941,39.0895,81.36226995018215,18.637730049817847,1.0022468446903712,1.0009041473291798,2600,7500,"c(0.8, 0.2)"
SFM07,SFKC,Jun,2021-06-07,-5.93,-37,158,10.44,-0.25,17.5471897125244,49.9061,367.348571777344,1.36954357414589,-96.578458,39.088683,81.94506852090963,18.05493147909037,1.0051401663810997,1.0030148211512901,770,910,"c(0.8, 0.2)"
SFT01,SFKC,Jun,2021-06-06,-5.76,-36.56,157,9.52,-1.16,13.7874336242676,4.5053,356.83984375,5.29457699076767,-96.58517,39.09185,79.37326448990932,20.626735510090683,1.0296606078458823,1.0091564886670543,120,240,"c(0.8, 0.2)"
SFT01,SFKC,Jul,2021-07-13,-5.79,-37.29,194,9.03,-1.65,13.7874336242676,4.5053,356.83984375,5.29457699076767,-96.58517,39.09185,79.71991348872052,20.28008651127948,1.022770404469205,1.011068633098856,140,210,"c(0.8, 0.2)"
SFT01,SFKC,Aug,2021-08-09,-5.67,-36.25,221,9.11,-1.56,13.7874336242676,4.5053,356.83984375,5.29457699076767,-96.58517,39.09185,66.6198911253475,33.38010887465251,1.0115441959930125,1.004260928333676,390,930,"c(0.8, 0.2)"
SFT02,SFKC,Jun,2021-06-06,-5.85,-36.98,157,9.82,-0.86,14.250189781189,4.8346,372.468902587891,3.5823483898089,-96.57852,39.09105,79.85895097154476,20.141049028455242,1.0050069058449471,1.0054137553978422,540,480,"c(0.8, 0.2)"
01M01,N01B,Jun,2021-06-07,-5.93,-37.17,158,10.27,-0.42,16.6185398101807,28.3099,373.909790039062,1.96598646176319,-96.577021,39.086665000000004,17.687711476938254,82.31228852306174,1.0025584414277118,1.001914930903621,1100,1800,"c(0.153, 0.847)"
01M01,N01B,Aug,2021-08-09,0.18,2.38,221,0.77,-9.5,16.6185398101807,28.3099,373.909790039062,1.96598646176319,-96.577021,39.086665000000004,17.756620725542746,82.24337927445725,1.003612100072649,1.006249592642772,710,520,"c(0.153, 0.847)"
01M02,N01B,Jun,2021-06-07,-5.94,-37.21,158,10.31,-0.38,15.3593635559082,27.8823,375.425323486328,6.79131327740862,-96.576332,39.086288,18.015684682491255,81.98431531750875,1.0012022194060506,1.0009536634449379,5000,7500,"c(0.153, 0.847)"
01M02,N01B,Jul,2021-07-13,-6.13,-38.39,194,10.65,-0.05,15.3593635559082,27.8823,375.425323486328,6.79131327740862,-96.576332,39.086288,16.19174647886267,83.80825352113733,1.0015886320862109,1.0063485675580648,2500,890,"c(0.153, 0.847)"
01M03,N01B,Jun,2021-06-07,-5.75,-36.41,158,9.59,-1.08,15.6769094467163,25.997,378.814392089844,4.62101462346599,-96.575936,39.084711,17.48522869309135,82.51477130690866,1.004999112046045,1.0117572528016874,480,270,"c(0.153, 0.847)"
01M04,N01B,Jun,2021-06-07,-5.79,-36.59,158,9.73,-0.95,15.9005174636841,24.7026,381.780731201172,3.51433664873022,-96.5751011,39.08357235,17.91539169663033,82.08460830336966,1.0081385534812533,1.0548345840545374,270,100,"c(0.153, 0.847)"
01M05,N01B,Jun,2021-06-07,-5.81,-36.79,158,9.69,-0.99,15.9600172042847,19.8808,384.710754394531,2.66639959902081,-96.574188,39.082643,17.399354685576256,82.60064531442374,1.0010451821379542,1.0011263427345116,7500,6100,"c(0.153, 0.847)"
01M05,N01B,Jul,2021-07-13,-5.59,-35.86,194,8.86,-1.8,15.9600172042847,19.8808,384.710754394531,2.66639959902081,-96.574188,39.082643,17.655581582627104,82.3444184173729,1.0026530331618553,1.0172894825025085,2000,340,"c(0.153, 0.847)"
01M05,N01B,Aug,2021-08-09,-5.19,-32.64,221,8.88,-1.76,15.9600172042847,19.8808,384.710754394531,2.66639959902081,-96.574188,39.082643,18.731597572258977,81.26840242774102,1.002578745654286,1.0038818443135378,1100,840,"c(0.153, 0.847)"
01M06,N01B,Jun,2021-06-07,-5.77,-36.4,158,9.76,-0.92,15.7502880096436,10.5589,394.224090576172,1.74732466454152,-96.571582,39.080649,18.36443628599332,81.63556371400668,1.0021380840001055,1.005509841518868,1500,1900,"c(0.153, 0.847)"
02M01,N02B,Jun,2021-06-07,-5.78,-36.42,158,9.82,-0.86,17.5062637329102,24.1532,353.349395751953,0.690609994150927,-96.58815,39.09187,17.90400306783434,82.09599693216566,1.0022969097224637,1.004554022926234,1300,7500,"c(0.153, 0.847)"
02M02,N02B,Jun,2021-06-07,-5.8,-36.55,158,9.85,-0.83,16.7412509918213,23.732,356.274871826172,1.45800846603901,-96.58832556,39.09084425,18.260962392456257,81.73903760754374,1.0026328492834713,1.0161385712959212,1100,280,"c(0.153, 0.847)"
02M03,N02B,Jun,2021-06-07,-5.83,-36.58,158,10.06,-0.62,15.9315042495728,20.3529,358.495635986328,2.80844838739997,-96.58859,39.08991,18.065008402187075,81.93499159781292,1.001087533671707,1.0100244100759543,6900,910,"c(0.153, 0.847)"
02M04,N02B,Jun,2021-06-07,-5.9,-37.08,158,10.12,-0.56,16.0222511291504,18.9885,364.215728759766,2.39339935503844,-96.589642,39.088242,16.565225063361684,83.4347749366383,1.003258668883839,1.0031432554896476,820,860,"c(0.153, 0.847)"
02M05,N02B,Jun,2021-06-07,-5.89,-37.18,158,9.94,-0.74,16.3388805389404,17.783,367.758941650391,1.63363214959596,-96.59082413,39.08698067,17.73189618186341,82.26810381813658,1.0017620034668686,1.013653438209245,2100,510,"c(0.153, 0.847)"
02M05,N02B,Jul,2021-07-13,-5.78,-36.94,194,8.82,-1.85,16.3388805389404,17.783,367.758941650391,1.63363214959596,-96.59082413,39.08698067,18.05996577664959,81.94003422335041,1.0023965270937882,1.0059410285355512,1300,740,"c(0.153, 0.847)"
02M05,N02B,Aug,2021-08-09,-5.84,-36.71,221,10.01,-0.67,16.3388805389404,17.783,367.758941650391,1.63363214959596,-96.59082413,39.08698067,16.21613227936462,83.78386772063539,1.0023950666078294,1.0382072447327362,6600,220,"c(0.153, 0.847)"
02M06,N02B,Jun,2021-06-07,-5.9,-36.87,158,10.33,-0.35,15.435941696167,15.6919,369.406402587891,3.552439129378,-96.591427,39.087237,18.31506102196068,81.68493897803933,1.0009491318836508,1.00300829558922,7500,4500,"c(0.153, 0.847)"
02M06,N02B,Aug,2021-08-09,-1.47,-12.17,221,-0.32,-10.7,15.435941696167,15.6919,369.406402587891,3.552439129378,-96.591427,39.087237,15.584820562428447,84.41517943757155,1.0009312636145908,1.0053473953943413,7500,1100,"c(0.153, 0.847)"
02M07,N02B,Jun,2021-06-07,-5.9,-36.99,158,10.21,-0.47,15.2601690292358,14.1328,373.296539306641,3.81356831268082,-96.59252,39.08648,18.260836696553785,81.73916330344622,1.003501468135531,1.009253283529904,740,340,"c(0.153, 0.847)"
02M07,N02B,Jul,2021-07-13,-5.93,-37.57,194,9.87,-0.82,15.2601690292358,14.1328,373.296539306641,3.81356831268082,-96.59252,39.08648,17.420737662781104,82.57926233721889,1.0026160460390947,1.0143735181607794,1100,320,"c(0.153, 0.847)"
02M07,N02B,Aug,2021-08-09,-2.17,-17.99,221,1.22,-9.23,15.2601690292358,14.1328,373.296539306641,3.81356831268082,-96.59252,39.08648,15.010186542372484,84.98981345762752,1.0028908001382293,1.0065364448951637,960,510,"c(0.153, 0.847)"
02M08,N02B,Jun,2021-06-07,-5.93,-37.18,158,10.26,-0.43,15.9329080581665,12.9671,376.867004394531,1.78764145530976,-96.592913,39.085573,18.916971685377614,81.08302831462238,1.0018617828881926,1.0060718294056634,1900,650,"c(0.153, 0.847)"
02M10,N02B,Jun,2021-06-07,-5.92,-37.08,158,10.28,-0.41,14.1281938552856,6.1497,387.223388671875,5.14093522350631,-96.59357,39.08251,17.07572108372878,82.92427891627122,1.0067748096528788,1.0199165297808235,340,190,"c(0.153, 0.847)"
02M10,N02B,Jul,2021-07-13,-5.57,-35.54,194,9.02,-1.64,14.1281938552856,6.1497,387.223388671875,5.14093522350631,-96.59357,39.08251,16.861771018250124,83.13822898174988,1.0018108543162048,1.010930583052148,4200,600,"c(0.153, 0.847)"
02M11,N02B,Jun,2021-06-07,-5.92,-37.14,158,10.22,-0.47,14.5844211578369,2.6741,401.544860839844,1.42006358225935,-96.593682,39.079249,16.653034897843817,83.34696510215618,1.0015035281110474,1.001529255002656,2800,2700,"c(0.153, 0.847)"
02M11,N02B,Jul,2021-07-13,-5.58,-35.42,194,9.22,-1.44,14.5844211578369,2.6741,401.544860839844,1.42006358225935,-96.593682,39.079249,16.968372489964075,83.03162751003592,1.0017813712494528,1.001755346874498,2000,2200,"c(0.153, 0.847)"
04M01,N04D,Jun,2021-06-07,-5.92,-37.15,158,10.21,-0.48,16.1275215148926,39.7602,355.157409667969,4.50414143049234,-96.586195,39.089842,17.596448038727537,82.40355196127246,1.0010227664034028,1.0017169978575478,7500,2200,"c(0.153, 0.847)"
04M01,N04D,Jul,2021-07-13,-5.82,-36.99,194,9.57,-1.11,16.1275215148926,39.7602,355.157409667969,4.50414143049234,-96.586195,39.089842,17.34050595310139,82.6594940468986,1.0019880622480095,1.0020963235112226,1700,2200,"c(0.153, 0.847)"
04M01,N04D,Aug,2021-08-09,-4.64,-29.25,221,7.87,-2.73,16.1275215148926,39.7602,355.157409667969,4.50414143049234,-96.586195,39.089842,18.74038327725069,81.25961672274931,1.0025588042795957,1.0019964021320122,1300,1700,"c(0.153, 0.847)"
04M02,N04D,Jun,2021-06-07,-5.96,-38,158,9.2,-1.49,15.9580707550049,30.2096,362.072326660156,4.05573107937911,-96.58481,39.08775,18.862387733227695,81.13761226677231,1.0062656704824056,1.0834565665744558,600,78,"c(0.153, 0.847)"
04M02,N04D,Jul,2021-07-13,-5.7,-36.3,194,9.3,-1.37,15.9580707550049,30.2096,362.072326660156,4.05573107937911,-96.58481,39.08775,16.05302839629232,83.94697160370768,1.0038412917968824,1.003558076865675,660,730,"c(0.153, 0.847)"
04M02,N04D,Aug,2021-08-09,-5.1,-32.4,221,8.4,-2.23,15.9580707550049,30.2096,362.072326660156,4.05573107937911,-96.58481,39.08775,17.299832063940972,82.70016793605903,1.0026325219364591,1.0087606836170515,1100,510,"c(0.153, 0.847)"
04M03,N04D,Jun,2021-06-07,-5.93,-37.27,158,10.17,-0.52,17.7147426605225,29.302,364.991577148438,0.680164764607852,-96.58366,39.08685,21.156693507509075,78.84330649249092,1.002087825984485,1.0024333228344495,1600,6100,"c(0.153, 0.847)"
04M03,N04D,Jul,2021-07-13,-5.49,-35.46,194,8.46,-2.2,17.7147426605225,29.302,364.991577148438,0.680164764607852,-96.58366,39.08685,17.02779384702521,82.97220615297479,1.005085626469455,1.0019025978550302,7200,3100,"c(0.153, 0.847)"
04M03,N04D,Aug,2021-08-09,-4.88,-30.98,221,8.06,-2.55,17.7147426605225,29.302,364.991577148438,0.680164764607852,-96.58366,39.08685,17.715441122274704,82.2845588777253,1.003804079897971,1.0060897722897553,670,520,"c(0.153, 0.847)"
04M04,N04D,Jun,2021-06-07,-5.91,-37.19,158,10.09,-0.6,15.8990774154663,28.413,367.72216796875,4.04636632071282,-96.58345,39.08576,19.162592183656457,80.83740781634354,1.0053722315016145,1.0196173711471577,780,310,"c(0.153, 0.847)"
04M04,N04D,Jul,2021-07-13,-5.79,-36.67,194,9.65,-1.03,15.8990774154663,28.413,367.72216796875,4.04636632071282,-96.58345,39.08576,18.640179412209797,81.35982058779021,1.0100373853020552,1.0318419792475075,220,120,"c(0.153, 0.847)"
04M04,N04D,Aug,2021-08-09,-5.56,-35.13,221,9.35,-1.31,15.8990774154663,28.413,367.72216796875,4.04636632071282,-96.58345,39.08576,17.2215062103002,82.77849378969981,1.002124493916054,1.0169711394423042,1500,330,"c(0.153, 0.847)"
04M05,N04D,Jun,2021-06-07,-5.9,-37.45,158,9.5,-1.18,16.1744060516357,23.8689,370.058471679688,2.58365799856904,-96.5831,39.08502,18.223246668857403,81.77675333114259,1.001263371106327,1.0099338340023971,4300,650,"c(0.153, 0.847)"
04M05,N04D,Jul,2021-07-13,-6,-38.4,194,9.6,-1.09,16.1744060516357,23.8689,370.058471679688,2.58365799856904,-96.5831,39.08502,17.35169212415108,82.64830787584891,1.0050183373006445,1.0281280038239724,480,150,"c(0.153, 0.847)"
04M05,N04D,Aug,2021-08-09,-5.8,-36.4,221,10,-0.68,16.1744060516357,23.8689,370.058471679688,2.58365799856904,-96.5831,39.08502,15.827949986065926,84.17205001393407,1.0028260556362951,1.0072728583900894,990,550,"c(0.153, 0.847)"
04M06,N04D,Jun,2021-06-07,-5.94,-37.33,158,10.19,-0.5,15.6375856399536,23.3323,372.054779052734,4.31490041279515,-96.58342,39.084258,18.20557831045556,81.79442168954444,1.0051630739608715,1.0558392724661296,460,110,"c(0.153, 0.847)"
04M06,N04D,Jul,2021-07-13,-5.93,-37.38,194,10.06,-0.63,15.6375856399536,23.3323,372.054779052734,4.31490041279515,-96.58342,39.084258,17.058795052034746,82.94120494796525,1.0024311202163005,1.0044203365986077,1200,600,"c(0.153, 0.847)"
04M06,N04D,Aug,2021-08-09,-5.74,-36.23,221,9.69,-0.98,15.6375856399536,23.3323,372.054779052734,4.31490041279515,-96.58342,39.084258,16.591842775251457,83.40815722474854,1.0008058314320023,1.0020921988158062,7500,5400,"c(0.153, 0.847)"
04M07,N04D,Jun,2021-06-07,-5.96,-37.27,158,10.41,-0.28,17.3331470489502,15.1506,376.434906005859,0.515087172551842,-96.58253,39.08278,17.785059018707567,82.21494098129243,1.0063194096350443,1.0088124591356458,360,280,"c(0.153, 0.847)"
04M08,N04D,Jun,2021-06-07,-5.96,-37.24,158,10.44,-0.25,15.4511318206787,13.8929,380.307403564453,3.09870598857612,-96.58221,39.08131,17.732961168662033,82.26703883133797,1.0016242297741635,1.001751653552652,7500,6000,"c(0.153, 0.847)"
04M08,N04D,Jul,2021-07-13,-5.92,-37.5,194,9.86,-0.83,15.4511318206787,13.8929,380.307403564453,3.09870598857612,-96.58221,39.08131,17.41434572034394,82.58565427965607,1.0014636497058527,1.0014311160772602,7500,6600,"c(0.153, 0.847)"
04M08,N04D,Aug,2021-08-09,-5.92,-37.24,221,10.12,-0.57,15.4511318206787,13.8929,380.307403564453,3.09870598857612,-96.58221,39.08131,15.326400024574077,84.67359997542593,1.0106236970782503,1.0196341674064173,210,140,"c(0.153, 0.847)"
04M09,N04D,Jun,2021-06-07,-6,-37.48,158,10.5,-0.19,15.0155191421509,8.4654,384.876220703125,2.9192216286791,-96.581629,39.079941,17.462107950608598,82.5378920493914,1.0027520901982716,1.0130602101354278,1000,370,"c(0.153, 0.847)"
04M10,N04D,Jun,2021-06-07,-5.98,-37.31,158,10.53,-0.16,14.8743505477905,6.5928,393.935333251953,2.61861519948865,-96.58289,39.077433,17.922759154669027,82.07724084533096,1.0040497987472667,1.0075589891099412,620,390,"c(0.153, 0.847)"
04M11,N04D,Jun,2021-06-07,-5.96,-37.22,158,10.46,-0.23,13.7661218643188,2.8759,404.717041015625,3.45818055341955,-96.583835,39.074718,17.794159196049137,82.20584080395086,1.0015981961652782,1.0040141835284355,2500,1300,"c(0.153, 0.847)"
04M12,N04D,Jun,2021-06-07,-5.9,-37.2,158,10,-0.68,14.388445854187,2.2526,407.246307373047,1.45519363037948,-96.584063,39.073158,18.30849251578283,81.69150748421717,1.0026554073185459,1.0089090968168661,1100,500,"c(0.153, 0.847)"
04T02,N04D,Jun,2021-06-07,-5.94,-37.18,158,10.34,-0.35,14.3093347549438,3.6998,386.719055175781,2.58565615268831,-96.580865,39.079765,19.01202170459853,80.98797829540146,1.002473203518407,1.0296298108625164,1200,240,"c(0.153, 0.847)"
04W02,N04D,Jun,2021-06-07,-5.81,-36.49,158,9.99,-0.69,14.1996641159058,6.1059,370.888000488281,4.75410042094446,-96.58691,39.08611,17.398665089240996,82.60133491075901,1.0037176161267607,1.0148361997377082,690,270,"c(0.153, 0.847)"
04W03,N04D,Jun,2021-06-07,-5.9,-36.89,158,10.31,-0.37,13.665397644043,4.2006,382.255523681641,5.57549280423922,-96.58803867,39.08385954,17.52919270087198,82.47080729912803,1.0019832252168785,1.0090717938101892,1700,520,"c(0.153, 0.847)"
04W03,N04D,Jul,2021-07-13,-5.84,-37.02,194,9.7,-0.98,13.665397644043,4.2006,382.255523681641,5.57549280423922,-96.58803867,39.08385954,17.211482182524882,82.78851781747511,1.0027438485883693,1.0129319958625675,1300,470,"c(0.153, 0.847)"
04W03,N04D,Aug,2021-08-09,-4.76,-30,221,8.08,-2.53,13.665397644043,4.2006,382.255523681641,5.57549280423922,-96.58803867,39.08385954,18.76630197782725,81.23369802217275,1.0067019206783285,1.0378929250219644,340,130,"c(0.153, 0.847)"
04W04,N04D,Jun,2021-06-07,-5.85,-36.79,158,10.01,-0.67,13.686861038208,2.9816,390.920166015625,3.87979879049352,-96.58868,39.08228,17.69823763583461,82.30176236416538,1.0033737636579696,1.0094076736025515,780,370,"c(0.153, 0.847)"
04W04,N04D,Jul,2021-07-13,-5.96,-37.82,194,9.86,-0.83,13.686861038208,2.9816,390.920166015625,3.87979879049352,-96.58868,39.08228,18.48237447042199,81.51762552957801,1.0027550316101734,1.0011454124059849,2700,7500,"c(0.153, 0.847)"
04W04,N04D,Aug,2021-08-09,-5.84,-36.79,221,9.93,-0.75,13.686861038208,2.9816,390.920166015625,3.87979879049352,-96.58868,39.08228,16.620213677367275,83.37978632263273,1.003865881415839,1.0270602555667943,650,210,"c(0.153, 0.847)"
20M04,N20B,Jun,2021-06-07,-5.98,-36.99,158,10.85,0.16,15.419207572937,8.6075,389.796203613281,1.98325844763327,-96.57111,39.08709,19.211955224529458,80.78804477547055,1.0041404802071843,1.0092621631417191,600,380,"c(0.153, 0.847)"
20M05,N20B,Jun,2021-06-07,-6.01,-37.31,158,10.77,0.08,13.7070283889771,5.444,401.0048828125,6.91935096376316,-96.568,39.086,17.981250793211988,82.01874920678802,1.0026576264318223,1.0117296178810509,1400,330,"c(0.153, 0.847)"
20M05,N20B,Jul,2021-07-13,-5.1,-32.41,194,8.39,-2.24,13.7070283889771,5.444,401.0048828125,6.91935096376316,-96.568,39.086,16.67569513664999,83.32430486335001,1.0016451537855786,1.015385155255547,2400,330,"c(0.153, 0.847)"
SFM01,SFKC,Jun,2021-06-07,-5.94,-37.93,158,8.9,-1.79,18.4498310089111,132.6873,350.811157226562,1.47647448239279,-96.587193,39.092281,17.71966378251842,82.28033621748158,1.001337783586298,1.005409894815326,3700,1600,"c(0.153, 0.847)"
SFM01,SFKC,Jul,2021-07-13,-5.8,-36.39,194,9.8,-0.88,18.4498310089111,132.6873,350.811157226562,1.47647448239279,-96.587193,39.092281,16.81856787490999,83.18143212509,1.0038400035999235,1.0064900974536548,1200,600,"c(0.153, 0.847)"
SFM02,SFKC,Jun,2021-06-07,-5.91,-36.91,158,10.37,-0.32,17.5833492279053,107.6787,352.750610351562,2.84821417052932,-96.58632,39.09126,18.5677556890142,81.43224431098581,1.0010269560889875,1.002521173879476,7500,7500,"c(0.153, 0.847)"
SFM03,SFKC,Jun,2021-06-07,-5.89,-36.82,158,10.3,-0.38,16.6171092987061,67.3302,353.385375976562,4.67389311910185,-96.58605,39.09095,18.101004389652765,81.89899561034724,1.003339913433585,1.0116474594860805,880,360,"c(0.153, 0.847)"
SFM04,SFKC,Jun,2021-06-07,-5.88,-36.9,158,10.14,-0.54,18.6879825592041,60.9054,356.138275146484,0.534205380242959,-96.5844,39.09089,18.0662965317647,81.9337034682353,1.003064991368741,1.00261740016343,890,1100,"c(0.153, 0.847)"
SFM05,SFKC,Jun,2021-06-07,-5.87,-36.77,158,10.19,-0.49,16.9318199157715,58.6702,361.067810058594,2.97703061412269,-96.58186,39.09019,18.084297692884267,81.91570230711574,1.0009439903713861,1.0011370510287418,7500,5900,"c(0.153, 0.847)"
SFM05,SFKC,Jul,2021-07-13,-5.68,-36.74,194,8.7,-1.97,16.9318199157715,58.6702,361.067810058594,2.97703061412269,-96.58186,39.09019,16.778924214818783,83.22107578518121,1.004556416715547,1.006508647862559,530,530,"c(0.153, 0.847)"
SFM06,SFKC,Jun,2021-06-07,-5.88,-36.8,158,10.24,-0.44,16.90305519104,51.0121,365.224548339844,2.66445720234079,-96.57941,39.0895,18.065976320952508,81.9340236790475,1.0100229067836433,1.0305143517643298,220,110,"c(0.153, 0.847)"
SFM07,SFKC,Jun,2021-06-07,-5.93,-37,158,10.44,-0.25,17.5471897125244,49.9061,367.348571777344,1.36954357414589,-96.578458,39.088683,18.95507692488721,81.04492307511279,1.0064360119481655,1.029695224085592,390,170,"c(0.153, 0.847)"
SFT01,SFKC,Jun,2021-06-06,-5.76,-36.56,157,9.52,-1.16,13.7874336242676,4.5053,356.83984375,5.29457699076767,-96.58517,39.09185,18.31159043427885,81.68840956572116,1.004058231023668,1.010609568201892,620,310,"c(0.153, 0.847)"
SFT01,SFKC,Jul,2021-07-13,-5.79,-37.29,194,9.03,-1.65,13.7874336242676,4.5053,356.83984375,5.29457699076767,-96.58517,39.09185,16.42405124645033,83.57594875354967,1.0015486095504689,1.00215077976888,2700,1500,"c(0.153, 0.847)"
SFT01,SFKC,Aug,2021-08-09,-5.67,-36.25,221,9.11,-1.56,13.7874336242676,4.5053,356.83984375,5.29457699076767,-96.58517,39.09185,15.326630256760232,84.67336974323977,1.0028575815884948,1.0018851213098698,1400,1800,"c(0.153, 0.847)"
SFT02,SFKC,Jun,2021-06-06,-5.85,-36.98,157,9.82,-0.86,14.250189781189,4.8346,372.468902587891,3.5823483898089,-96.57852,39.09105,18.63016920145416,81.36983079854583,1.002135761137962,1.0044016824062807,1500,630,"c(0.153, 0.847)"
