siteID,date,dpID,type,d18O,d2H
KING,2015-10-06,DP1.20206.001,SW,-5.98,-37.27
KING,2015-10-28,DP1.20206.001,SW,-6.09,-38.33
KING,2015-11-02,DP1.20206.001,SW,-6.11,-38.95
KING,2015-12-02,DP1.20206.001,SW,-4.55,-34.08
KING,2016-01-07,DP1.20206.001,SW,-5.69,-38.3
KING,2016-02-01,DP1.20206.001,SW,-6.3,-40.23
KING,2016-03-01,DP1.20206.001,SW,-6.08,-38.84
KING,2016-03-08,DP1.20206.001,SW,-5.85,-38.33
KING,2016-03-29,DP1.20206.001,SW,-6.15,-39.05
KING,2016-04-05,DP1.20206.001,SW,-5.77,-38.39
KING,2016-04-12,DP1.20206.001,SW,-6.12,-38.9
KING,2016-04-19,DP1.20206.001,SW,-5.48,-37.82
KING,2016-04-26,DP1.20206.001,SW,-6.54,-41.52
KING,2016-05-02,DP1.20206.001,SW,-6.36,-40.6
KING,2016-05-10,DP1.20206.001,SW,-5.94,-39.26
KING,2016-05-17,DP1.20206.001,SW,-6.2,-39.13
KING,2016-05-24,DP1.20206.001,SW,-6.17,-39.51
KING,2016-05-31,DP1.20206.001,SW,-6.17,-39.18
KING,2016-06-07,DP1.20206.001,SW,-6.17,-39.08
KING,2016-06-21,DP1.20206.001,SW,-6.18,-38.95
KING,2016-06-28,DP1.20206.001,SW,-6.15,-38.66
KING,2016-07-05,DP1.20206.001,SW,NA,NA
KING,2016-07-18,DP1.20206.001,SW,-6.13,-38.52
KING,2016-08-02,DP1.20206.001,SW,-5.96,-38.05
KING,2016-08-09,DP1.20206.001,SW,-6.15,-38.53
KING,2016-09-06,DP1.20206.001,SW,-6.08,-38.42
KING,2016-10-04,DP1.20206.001,SW,-6.06,-38.21
KING,2016-10-25,DP1.20206.001,SW,-6.01,-38.34
KING,2016-11-01,DP1.20206.001,SW,NA,NA
KING,2016-12-06,DP1.20206.001,SW,-6.13,-38.89
KING,2017-01-03,DP1.20206.001,SW,-6.05,-38.38
KING,2017-02-07,DP1.20206.001,SW,-5.81,-38.02
KING,2017-03-07,DP1.20206.001,SW,-6.04,-38.44
KING,2017-03-13,DP1.20206.001,SW,-6.06,-38.38
KING,2017-03-28,DP1.20206.001,SW,-6.06,-38.13
KING,2017-04-04,DP1.20206.001,SW,-6.16,-38.91
KING,2017-04-10,DP1.20206.001,SW,-6.18,-39
KING,2017-04-19,DP1.20206.001,SW,-5.99,-38.2
KING,2017-04-27,DP1.20206.001,SW,-6.05,-38.48
KING,2017-05-02,DP1.20206.001,SW,-6.1,-39.13
KING,2017-05-09,DP1.20206.001,SW,-6.14,-39.07
KING,2017-05-17,DP1.20206.001,SW,-6.08,-39.17
KING,2017-05-24,DP1.20206.001,SW,-5.55,-38.58
KING,2017-05-30,DP1.20206.001,SW,-6.26,-39.93
KING,2017-06-06,DP1.20206.001,SW,-6.3,-39.98
KING,2017-06-20,DP1.20206.001,SW,-6.28,-39.81
KING,2017-06-26,DP1.20206.001,SW,-6.27,-39.76
KING,2017-07-05,DP1.20206.001,SW,-5.94,-38.48
KING,2017-07-17,DP1.20206.001,SW,-5.94,-38.46
KING,2017-08-01,DP1.20206.001,SW,-5.96,-38.43
KING,2017-08-09,DP1.20206.001,SW,-5.96,-38.28
KING,2017-09-05,DP1.20206.001,SW,-5.9,-38.06
KING,2017-10-03,DP1.20206.001,SW,-4.8,-32.67
KING,2017-11-01,DP1.20206.001,SW,-5.91,-38.66
KING,2017-11-08,DP1.20206.001,SW,-6.01,-38.7
KING,2017-12-05,DP1.20206.001,SW,-5.9,-37.66
KING,2018-01-02,DP1.20206.001,SW,-6.76,-43.09
KING,2018-02-07,DP1.20206.001,SW,-6.59,-41.63
KING,2018-03-05,DP1.20206.001,SW,-6.03,-37.83
KING,2018-03-07,DP1.20206.001,SW,-6.08,-38.18
KING,2018-03-28,DP1.20206.001,SW,-6.13,-38.53
KING,2018-04-03,DP1.20206.001,SW,-6.11,-38.39
KING,2018-04-10,DP1.20206.001,SW,-6.05,-38.46
KING,2018-04-16,DP1.20206.001,SW,-6.05,-38.53
KING,2018-04-23,DP1.20206.001,SW,-6.08,-38.89
KING,2018-05-07,DP1.20206.001,SW,-6.19,-39.04
KING,2018-05-09,DP1.20206.001,SW,-6.18,-38.02
KING,2018-05-15,DP1.20206.001,SW,-6.08,-38.42
KING,2018-05-21,DP1.20206.001,SW,-6,-38.61
KING,2018-06-04,DP1.20206.001,SW,-6.06,-38.38
KING,2018-06-06,DP1.20206.001,SW,-6.06,-38.36
KING,2018-06-18,DP1.20206.001,SW,-5.53,-36.11
KING,2018-07-02,DP1.20206.001,SW,-5.45,-36.49
KING,2018-07-09,DP1.20206.001,SW,-5.28,-35.28
KING,2018-07-17,DP1.20206.001,SW,-5.13,-32.72
KING,2018-08-06,DP1.20206.001,SW,-3.46,-26.75
KING,2018-08-08,DP1.20206.001,SW,-3.2,-24.24
KING,2018-09-04,DP1.20206.001,SW,-6.75,-41.47
KING,2018-10-02,DP1.20206.001,SW,-6.09,-38.59
KING,2018-10-31,DP1.20206.001,SW,-6.26,-39.4
KING,2018-11-06,DP1.20206.001,SW,-6.48,-41.13
KING,2018-12-04,DP1.20206.001,SW,-6.59,-42.65
KING,2019-01-02,DP1.20206.001,SW,-6.41,-40.72
KING,2019-02-04,DP1.20206.001,SW,-6.12,-39.27
KING,2019-03-04,DP1.20206.001,SW,-6.4,-40.94
KING,2019-03-12,DP1.20206.001,SW,-6.44,-41.16
KING,2019-03-27,DP1.20206.001,SW,-5.8,-39.32
KING,2019-04-01,DP1.20206.001,SW,-5.86,-39.44
KING,2019-04-08,DP1.20206.001,SW,-6.23,-40.04
KING,2019-04-15,DP1.20206.001,SW,-6.31,-40.18
KING,2019-04-30,DP1.20206.001,SW,-6.26,-40.04
KING,2019-05-06,DP1.20206.001,SW,-6.32,-40.09
KING,2019-05-14,DP1.20206.001,SW,-6.55,-41.91
KING,2019-05-20,DP1.20206.001,SW,-6.55,-42.21
KING,2019-06-03,DP1.20206.001,SW,-6.49,-41.81
KING,2019-06-05,DP1.20206.001,SW,-6.46,-41.7
KING,2019-06-10,DP1.20206.001,SW,-6.43,-41.26
KING,2019-06-18,DP1.20206.001,SW,-6.39,-40.95
KING,2019-07-02,DP1.20206.001,SW,-6.24,-40.1
KING,2019-07-08,DP1.20206.001,SW,-6.28,-40.08
KING,2019-07-16,DP1.20206.001,SW,-5.97,-38.76
KING,2019-08-05,DP1.20206.001,SW,-5.97,-38.3
KING,2019-08-07,DP1.20206.001,SW,-5.91,-36.48
KING,2019-09-04,DP1.20206.001,SW,-6.03,-37.88
KING,2019-09-30,DP1.20206.001,SW,-6.23,-38.66
KING,2019-10-29,DP1.20206.001,SW,-6.18,-38.9
KING,2019-11-05,DP1.20206.001,SW,-6.21,-39.02
KING,2019-12-03,DP1.20206.001,SW,-6.22,-39.3
KING,2020-01-07,DP1.20206.001,SW,-6.16,-38.84
KING,2020-02-04,DP1.20206.001,SW,-6,-40.12
KING,2020-03-03,DP1.20206.001,SW,-6.08,-39.69
KING,2020-03-10,DP1.20206.001,SW,-3.88,-34.04
KING,2020-06-02,DP1.20206.001,SW,-5.78,-37.97
KING,2020-06-15,DP1.20206.001,SW,-6.02,-38.79
KING,2020-06-29,DP1.20206.001,SW,-5.98,-38.48
KING,2020-07-01,DP1.20206.001,SW,-6.02,-38.67
KING,2020-07-15,DP1.20206.001,SW,-5.32,-33.07
KING,2020-08-03,DP1.20206.001,SW,-6.05,-38.77
KING,2020-08-10,DP1.20206.001,SW,-5.91,-38.05
KING,2020-09-01,DP1.20206.001,SW,-5.9,-38.11
KING,2020-09-14,DP1.20206.001,SW,-5.8,-37.69
KING,2020-10-05,DP1.20206.001,SW,-5.77,-37.37
KING,2020-11-03,DP1.20206.001,SW,-5.8,-37.92
KING,2020-11-09,DP1.20206.001,SW,-4.91,-34.9
KING,2020-12-01,DP1.20206.001,SW,-5.23,-35.55
KING,2021-01-05,DP1.20206.001,SW,-5.45,-36.55
KING,2021-02-02,DP1.20206.001,SW,-6.14,-39.19
KING,2021-03-02,DP1.20206.001,SW,-5.89,-38.09
KING,2021-03-09,DP1.20206.001,SW,-5.42,-36.52
KING,2021-04-08,DP1.20206.001,SW,-6.02,-38.27
KING,2021-04-12,DP1.20206.001,SW,-5.86,-37.9
KING,2021-04-19,DP1.20206.001,SW,-6.05,-38.62
KING,2021-04-27,DP1.20206.001,SW,-5.85,-37.71
KING,2021-05-10,DP1.20206.001,SW,-5.96,-37.98
KING,2021-05-12,DP1.20206.001,SW,-5.91,-37.76
KING,2021-05-24,DP1.20206.001,SW,-5.67,-36.47
KING,2021-06-01,DP1.20206.001,SW,-5.87,-37.23
KING,2021-06-08,DP1.20206.001,SW,-5.85,-37.65
KING,2021-06-14,DP1.20206.001,SW,-5.93,-37.69
KING,2021-06-29,DP1.20206.001,SW,-5.84,-37.27
KING,2021-07-14,DP1.20206.001,SW,-5.91,-37.5
KING,2021-08-04,DP1.20206.001,SW,-5.71,-37.51
KING,2021-08-10,DP1.20206.001,SW,-5.89,-37.53
KING,2021-09-01,DP1.20206.001,SW,-5.94,-38.09
KING,2021-10-04,DP1.20206.001,SW,-5.92,-37.63
KING,2021-11-16,DP1.20206.001,SW,-5.72,-37.39
KING,2021-12-01,DP1.20206.001,SW,-5.7,-36.88
KING,2022-01-04,DP1.20206.001,SW,-5.46,-36.44
KING,2022-02-01,DP1.20206.001,SW,-5.39,-36.41
KING,2022-03-01,DP1.20206.001,SW,-5.48,-36.61
KING,2022-03-09,DP1.20206.001,SW,-5.33,-36.32
KING,2022-03-30,DP1.20206.001,SW,-5.43,-36.01
KING,2022-04-20,DP1.20206.001,SW,-5.7,-36.9
KING,2022-05-02,DP1.20206.001,SW,-5.72,-36.95
KING,2022-05-09,DP1.20206.001,SW,-5.68,-36.43
KING,2022-05-11,DP1.20206.001,SW,-5.69,-36.24
KING,2022-05-23,DP1.20206.001,SW,-5.58,-35.97
KING,2022-05-31,DP1.20206.001,SW,-5.28,-33.6
KING,2022-06-07,DP1.20206.001,SW,-5.66,-36.62
KING,2022-06-15,DP1.20206.001,SW,-5.8,-36.81
KING,2022-06-29,DP1.20206.001,SW,-5.56,-36.06
KING,2022-07-11,DP1.20206.001,SW,-5.54,-35.9
KING,2022-08-01,DP1.20206.001,SW,-5.7,-36.74
KING,2022-08-09,DP1.20206.001,SW,-5.56,-36.37
KING,2022-09-12,DP1.20206.001,SW,-5.69,-36.82
KING,2022-10-12,DP1.20206.001,SW,-5.87,-37.28
KING,2022-11-16,DP1.20206.001,SW,-5.93,-37.88
KING,2023-01-04,DP1.20206.001,SW,-5.58,-36.68
KING,2023-02-07,DP1.20206.001,SW,-5.83,-37.31
KING,2023-03-06,DP1.20206.001,SW,-5.82,-37.27
KING,2023-03-13,DP1.20206.001,SW,-5.75,-36.78
KING,2023-03-27,DP1.20206.001,SW,-5.81,-37.11
KING,2023-04-03,DP1.20206.001,SW,-5.9,-37.33
KING,2023-04-11,DP1.20206.001,SW,-5.65,-36.99
KING,2023-04-17,DP1.20206.001,SW,-5.92,-37.56
KING,2023-04-24,DP1.20206.001,SW,-5.78,-37.13
KING,2023-05-02,DP1.20206.001,SW,-5.83,-37.32
KING,2023-05-09,DP1.20206.001,SW,-5.83,-37.3
KING,2023-05-23,DP1.20206.001,SW,-5.84,-37.2
KING,2023-06-05,DP1.20206.001,SW,-5.8,-37.04
KING,2023-06-07,DP1.20206.001,SW,-5.79,-36.92
KING,2023-06-27,DP1.20206.001,SW,-5.74,-36.75
KING,2023-07-12,DP1.20206.001,SW,-5.75,-36.71
KING,2023-07-31,DP1.20206.001,SW,-5.81,-37.14
KING,2023-08-07,DP1.20206.001,SW,-5.86,-37.67
KING,2023-08-23,DP1.20206.001,SW,-5.91,-38.24
KING,2023-09-05,DP1.20206.001,SW,-5.72,-36.8
KING,2024-04-16,DP1.20206.001,SW,-5.66,-36.24
KING,2024-05-06,DP1.20206.001,SW,-5.69,-37.75
KING,2024-05-14,DP1.20206.001,SW,-4.74,-34.82
KING,2024-06-19,DP1.20206.001,SW,-5.28,-35.67
KING,2024-07-01,DP1.20206.001,SW,-5.22,-33.08
KING,2024-07-11,DP1.20206.001,SW,-5.01,-34.81
KING,2024-07-15,DP1.20206.001,SW,-5.7,-36.61
KING,2024-08-06,DP1.20206.001,SW,-5.62,-36.29
KING,2024-08-20,DP1.20206.001,SW,-5.21,-35.12
KING,2024-09-03,DP1.20206.001,SW,-4.94,-35.21
KING,2024-10-02,DP1.20206.001,SW,-5.8,-37.08
KING,2024-10-28,DP1.20206.001,SW,-5.72,-36.53
KING,2024-11-05,DP1.20206.001,SW,-5.53,-36.09
KONZ,2018-11-20,DP1.00038.001,PPT,-14.88,-112.46
KONZ,2018-12-04,DP1.00038.001,PPT,-12.14,-86.22
KONZ,2019-01-15,DP1.00038.001,PPT,-12.46,-87.45
KONZ,2019-04-12,DP1.00038.001,PPT,-5.3,-25.78
KONZ,2019-04-24,DP1.00038.001,PPT,-4.93,-33.1
KONZ,2019-05-10,DP1.00038.001,PPT,-7.2,-44.34
KONZ,2019-05-22,DP1.00038.001,PPT,-7.75,-53.85
KONZ,2019-06-04,DP1.00038.001,PPT,-3.97,-22.26
KONZ,2019-06-17,DP1.00038.001,PPT,-1.97,-15.45
KONZ,2019-07-02,DP1.00038.001,PPT,-4.12,-22.82
KONZ,2019-07-18,DP1.00038.001,PPT,-4.53,-23.52
KONZ,2019-07-29,DP1.00038.001,PPT,1.8,18.01
KONZ,2019-08-15,DP1.00038.001,PPT,-3.4,-15.86
KONZ,2019-08-28,DP1.00038.001,PPT,-5.37,-29.53
KONZ,2019-09-11,DP1.00038.001,PPT,-5.87,-33.66
KONZ,2019-09-25,DP1.00038.001,PPT,-3.51,-11.14
KONZ,2019-10-14,DP1.00038.001,PPT,-6.48,-38
KONZ,2019-10-22,DP1.00038.001,PPT,-7.4,-42.79
KONZ,2019-11-22,DP1.00038.001,PPT,-8.38,-53.93
KONZ,2019-12-03,DP1.00038.001,PPT,-12.23,-94.34
KONZ,2019-12-18,DP1.00038.001,PPT,-14,-100.92
KONZ,2019-12-31,DP1.00038.001,PPT,-10.55,-74.06
KONZ,2020-01-14,DP1.00038.001,PPT,-7.16,-37.16
KONZ,2020-02-04,DP1.00038.001,PPT,-10.48,-68.43
KONZ,2020-02-28,DP1.00038.001,PPT,-17.26,-128.31
KONZ,2020-03-11,DP1.00038.001,PPT,-7.74,-48.84
KONZ,2020-07-21,DP1.00038.001,PPT,-3.75,-19.74
KONZ,2020-07-28,DP1.00038.001,PPT,-5.05,-33.3
KONZ,2020-08-11,DP1.00038.001,PPT,-7.33,-48.06
KONZ,2020-08-27,DP1.00038.001,PPT,-1.43,-14.71
KONZ,2020-11-02,DP1.00038.001,PPT,-3.46,-19.53
KONZ,2020-11-18,DP1.00038.001,PPT,-3.6,-15.47
KONZ,2020-12-04,DP1.00038.001,PPT,-8.47,-58.29
KONZ,2020-12-16,DP1.00038.001,PPT,-14.46,-115.76
KONZ,2021-01-06,DP1.00038.001,PPT,-6.4,-29.79
KONZ,2021-01-28,DP1.00038.001,PPT,-12.71,-93.66
KONZ,2021-02-09,DP1.00038.001,PPT,-9.01,-70.39
KONZ,2021-03-25,DP1.00038.001,PPT,-6.29,-36.33
KONZ,2021-04-05,DP1.00038.001,PPT,-7.24,-42.27
KONZ,2021-05-05,DP1.00038.001,PPT,-7.69,-49.02
KONZ,2021-05-18,DP1.00038.001,PPT,-4.07,-21.92
KONZ,2021-06-02,DP1.00038.001,PPT,-5.8,-33.94
KONZ,2021-06-28,DP1.00038.001,PPT,-3.26,-20.74
KONZ,2021-07-16,DP1.00038.001,PPT,-5.16,-29.84
KONZ,2021-08-12,DP1.00038.001,PPT,-1.22,-5.34
KONZ,2021-08-24,DP1.00038.001,PPT,-2.93,-10.59
KONZ,2021-09-09,DP1.00038.001,PPT,-6.17,-35.38
KONZ,2021-10-05,DP1.00038.001,PPT,-5.64,-30.43
KONZ,2021-10-21,DP1.00038.001,PPT,-8.09,-55.69
KONZ,2021-11-01,DP1.00038.001,PPT,-8.89,-57.1
KONZ,2021-11-16,DP1.00038.001,PPT,-7.63,-41.27
KONZ,2021-12-16,DP1.00038.001,PPT,-2.29,-8.85
KONZ,2022-01-26,DP1.00038.001,PPT,13.22,-32.72
KONZ,2022-04-19,DP1.00038.001,PPT,-1.82,-24.15
KONZ,2022-05-03,DP1.00038.001,PPT,-2.93,-15.21
KONZ,2022-05-18,DP1.00038.001,PPT,-5.53,-37.37
KONZ,2022-06-03,DP1.00038.001,PPT,-6.03,-40.46
KONZ,2022-06-17,DP1.00038.001,PPT,-7.01,-52
KONZ,2022-06-28,DP1.00038.001,PPT,-4.28,-24.59
KONZ,2022-07-14,DP1.00038.001,PPT,-2.28,-3.59
KONZ,2022-07-26,DP1.00038.001,PPT,-1.12,2.42
KONZ,2022-08-08,DP1.00038.001,PPT,-0.56,1.52
KONZ,2022-08-22,DP1.00038.001,PPT,-5.49,-34.63
KONZ,2022-09-09,DP1.00038.001,PPT,-5.88,-48.91
KONZ,2022-09-21,DP1.00038.001,PPT,-4.89,-28.96
KONZ,2022-10-04,DP1.00038.001,PPT,-5.25,-35.49
KONZ,2022-10-19,DP1.00038.001,PPT,-9.16,-51.97
KONZ,2022-11-03,DP1.00038.001,PPT,-8.76,-66.94
KONZ,2022-11-18,DP1.00038.001,PPT,-8.14,-49.08
KONZ,2022-11-30,DP1.00038.001,PPT,-14.43,-114.56
KONZ,2022-12-15,DP1.00038.001,PPT,-7.4,-44.86
KONZ,2022-12-28,DP1.00038.001,PPT,-13.71,-103.61
KONZ,2023-01-13,DP1.00038.001,PPT,-6.9,-43.64
KONZ,2023-01-24,DP1.00038.001,PPT,-12.96,-93.18
KONZ,2023-02-21,DP1.00038.001,PPT,-9.36,-63.74
KONZ,2023-03-06,DP1.00038.001,PPT,-4.96,-32.19
KONZ,2023-03-23,DP1.00038.001,PPT,-4.99,-25.57
KONZ,2023-04-04,DP1.00038.001,PPT,-7.01,-46.25
KONZ,2023-04-17,DP1.00038.001,PPT,-7.1,-39.52
KONZ,2023-05-04,DP1.00038.001,PPT,-4.08,-16.1
KONZ,2023-05-16,DP1.00038.001,PPT,-5.8,-36.84
KONZ,2023-06-02,DP1.00038.001,PPT,-2.65,-13.82
KONZ,2023-06-13,DP1.00038.001,PPT,-4.34,-20.26
KONZ,2023-06-28,DP1.00038.001,PPT,0.86,-7.33
KONZ,2023-07-12,DP1.00038.001,PPT,-2.86,-14.87
KONZ,2023-07-24,DP1.00038.001,PPT,-2.78,-13.11
KONZ,2023-08-08,DP1.00038.001,PPT,-2.98,-13.94
KONZ,2023-08-23,DP1.00038.001,PPT,-3.3,-20.39
KONZ,2023-09-06,DP1.00038.001,PPT,1.2,3.23
KONZ,2023-09-21,DP1.00038.001,PPT,-3.73,-23.06
KONZ,2023-10-04,DP1.00038.001,PPT,-5.18,-19.62
KONZ,2023-10-18,DP1.00038.001,PPT,-8.48,-50.42
KONZ,2023-11-03,DP1.00038.001,PPT,-7,-42.44
KONZ,2023-11-29,DP1.00038.001,PPT,-11.27,-74.11
KONZ,2023-12-12,DP1.00038.001,PPT,-7.99,-58.15
KONZ,2024-02-06,DP1.00038.001,PPT,-11.46,-80.77
KONZ,2024-03-08,DP1.00038.001,PPT,-11.56,-90
KONZ,2024-03-20,DP1.00038.001,PPT,-5.97,-33.03
KONZ,2024-04-04,DP1.00038.001,PPT,-8.61,-58
KONZ,2024-04-17,DP1.00038.001,PPT,-1.96,-3.59
KONZ,2024-04-30,DP1.00038.001,PPT,-4.4,-21.92
KONZ,2024-05-14,DP1.00038.001,PPT,-4.29,-22.61
KONZ,2024-05-30,DP1.00038.001,PPT,-3.76,-17.49
KONZ,2024-06-11,DP1.00038.001,PPT,-3.58,-26.58
KONZ,2024-06-26,DP1.00038.001,PPT,-2.89,-10.94
KONZ,2024-07-12,DP1.00038.001,PPT,-5.52,-34.73
KONZ,2024-08-01,DP1.00038.001,PPT,-3.36,-18.66
KONZ,2024-08-13,DP1.00038.001,PPT,-5.3,-31.78
KONZ,2024-08-23,DP1.00038.001,PPT,-5.28,-31.65
KONZ,2024-09-13,DP1.00038.001,PPT,-3.7,-14.18
KONZ,2024-10-01,DP1.00038.001,PPT,-5.38,-38.89
KONZ,2024-10-14,DP1.00038.001,PPT,-3.15,-27.25
KONZ,2024-10-31,DP1.00038.001,PPT,-3.88,-15.55
KONZ,2024-11-13,DP1.00038.001,PPT,-8,-54.56
KONZ,2024-11-26,DP1.00038.001,PPT,-6.24,-36.62
KONZ,2024-12-11,DP1.00038.001,PPT,-9.52,-84.17
KONZ,2024-12-26,DP1.00038.001,PPT,-4.86,-12.3
KING,2016-06-28,DP1.20276.001,GW,-6.18,-39.03
KING,2017-04-19,DP1.20276.001,GW,-6.2,-39.5
KING,2017-04-20,DP1.20276.001,GW,-6.14,-39.04
KING,2017-06-26,DP1.20276.001,GW,-6.24,-39.75
KING,2018-04-24,DP1.20276.001,GW,-6.24,-38.55
KING,2018-07-02,DP1.20276.001,GW,-6.24,-39.37
KING,2019-05-01,DP1.20276.001,GW,-6.21,-39.73
KING,2019-06-19,DP1.20276.001,GW,-6.44,-41.49
KING,2020-07-13,DP1.20276.001,GW,-5.91,-38.56
KING,2020-07-14,DP1.20276.001,GW,-5.96,-38.79
KING,2020-09-02,DP1.20276.001,GW,-5.99,-38.36
KING,2020-09-03,DP1.20276.001,GW,-6.05,-38.93
KING,2021-04-13,DP1.20276.001,GW,-6.04,-38.49
KING,2021-04-14,DP1.20276.001,GW,-5.99,-38.55
KING,2021-06-28,DP1.20276.001,GW,-5.86,-37.32
KING,2021-06-30,DP1.20276.001,GW,-5.96,-38.16
KING,2022-04-18,DP1.20276.001,GW,-5.57,-36.25
KING,2022-04-19,DP1.20276.001,GW,-5.67,-36.67
KING,2022-06-27,DP1.20276.001,GW,-5.82,-37.2
KING,2022-06-28,DP1.20276.001,GW,-6.06,-38.47
KING,2023-03-07,DP1.20276.001,GW,-5.77,-37.14
KING,2023-03-08,DP1.20276.001,GW,-5.91,-37.59
KING,2023-06-26,DP1.20276.001,GW,-5.78,-36.66
KING,2023-06-27,DP1.20276.001,GW,-5.86,-37.5
KING,2024-04-15,DP1.20276.001,GW,-5.6,-36.84
KING,2024-04-16,DP1.20276.001,GW,-5.86,-37.56
KING,2024-07-15,DP1.20276.001,GW,-5.46,-35.83
KING,2024-07-16,DP1.20276.001,GW,-5.39,-36.12
